-- phpMyAdmin SQL Dump
-- version 5.2.0
-- https://www.phpmyadmin.net/
--
-- Host: localhost:3306
-- Generation Time: Dec 12, 2024 at 04:56 AM
-- Server version: 8.0.30
-- PHP Version: 8.3.10

SET SQL_MODE = "NO_AUTO_VALUE_ON_ZERO";
START TRANSACTION;
SET time_zone = "+00:00";


/*!40101 SET @OLD_CHARACTER_SET_CLIENT=@@CHARACTER_SET_CLIENT */;
/*!40101 SET @OLD_CHARACTER_SET_RESULTS=@@CHARACTER_SET_RESULTS */;
/*!40101 SET @OLD_COLLATION_CONNECTION=@@COLLATION_CONNECTION */;
/*!40101 SET NAMES utf8mb4 */;

--
-- Database: `duan1_efood`
--

-- --------------------------------------------------------

--
-- Table structure for table `banners`
--

CREATE TABLE `banners` (
  `id` int NOT NULL,
  `image` varchar(255) CHARACTER SET utf8mb4 COLLATE utf8mb4_general_ci NOT NULL,
  `link` varchar(255) CHARACTER SET utf8mb4 COLLATE utf8mb4_general_ci NOT NULL,
  `status` tinyint NOT NULL
) ENGINE=InnoDB DEFAULT CHARSET=utf8mb4 COLLATE=utf8mb4_general_ci;

-- --------------------------------------------------------

--
-- Table structure for table `carts`
--

CREATE TABLE `carts` (
  `cart_id` int NOT NULL,
  `product_id` int NOT NULL,
  `user_id` int NOT NULL,
  `product_name` varchar(255) CHARACTER SET utf8mb4 COLLATE utf8mb4_general_ci NOT NULL,
  `product_price` int NOT NULL,
  `product_quantity` int NOT NULL,
  `product_image` varchar(255) CHARACTER SET utf8mb4 COLLATE utf8mb4_general_ci NOT NULL
) ENGINE=InnoDB DEFAULT CHARSET=utf8mb4 COLLATE=utf8mb4_general_ci;

-- --------------------------------------------------------

--
-- Table structure for table `categories`
--

CREATE TABLE `categories` (
  `category_id` int NOT NULL,
  `name` varchar(255) CHARACTER SET utf8mb4 COLLATE utf8mb4_general_ci NOT NULL,
  `image` varchar(255) CHARACTER SET utf8mb4 COLLATE utf8mb4_general_ci NOT NULL,
  `status` tinyint(1) NOT NULL DEFAULT '1'
) ENGINE=InnoDB DEFAULT CHARSET=utf8mb4 COLLATE=utf8mb4_general_ci;

--
-- Dumping data for table `categories`
--

INSERT INTO `categories` (`category_id`, `name`, `image`, `status`) VALUES
(1, 'Danh mục trống', 'Cơm cháy ngũ vị.jpg', 1),
(2, 'Đồ khô', 'Khô heo truyền thống.jpg', 1),
(4, 'Đô đóng hộp', 'Cá cơm rim đậu phộng.jpg', 1),
(6, 'Đồ hạt ăn liền', 'Mixed nuts 8 loại hạt dinh dưỡng Macca, Óc Chó Vàng, Óc Chó Đỏ, Hạt Điều, Hạnh Nhân, Dẻ Cười, Bí Xanh, Hồ Đào.png', 1),
(16, 'Bánh tráng', 'BÁNH TRÁNG DẺO CUỐN HÀNH PHI (đặc sản Tây Ninh).png', 1),
(17, 'Bánh kẹo', 'Bim bim mái tôn Khổng Lồ.png', 1),
(19, 'Cơm cháy', 'Cơm cháy ngũ vị.jpg', 1);

-- --------------------------------------------------------

--
-- Table structure for table `comments`
--

CREATE TABLE `comments` (
  `comment_id` int NOT NULL,
  `content` text CHARACTER SET utf8mb4 COLLATE utf8mb4_general_ci NOT NULL,
  `date` datetime NOT NULL DEFAULT CURRENT_TIMESTAMP,
  `status` tinyint(1) NOT NULL DEFAULT '1' COMMENT '0 ẩn 1 hiện',
  `user_id` int NOT NULL,
  `product_id` int NOT NULL
) ENGINE=InnoDB DEFAULT CHARSET=utf8mb4 COLLATE=utf8mb4_general_ci;

--
-- Dumping data for table `comments`
--

INSERT INTO `comments` (`comment_id`, `content`, `date`, `status`, `user_id`, `product_id`) VALUES
(10, 'chào mọi người', '2024-12-12 00:35:47', 1, 16, 42);

-- --------------------------------------------------------

--
-- Table structure for table `orderdetails`
--

CREATE TABLE `orderdetails` (
  `orderdetails_id` int NOT NULL,
  `order_id` int NOT NULL,
  `product_id` int NOT NULL,
  `quantity` int NOT NULL,
  `price` int NOT NULL
) ENGINE=InnoDB DEFAULT CHARSET=utf8mb4 COLLATE=utf8mb4_general_ci;

--
-- Dumping data for table `orderdetails`
--

INSERT INTO `orderdetails` (`orderdetails_id`, `order_id`, `product_id`, `quantity`, `price`) VALUES
(103, 54, 2, 1, 97000),
(104, 55, 41, 1, 100000),
(105, 56, 39, 1, 99000),
(106, 56, 41, 4, 100000),
(107, 56, 42, 18, 115000);

-- --------------------------------------------------------

--
-- Table structure for table `orders`
--

CREATE TABLE `orders` (
  `order_id` int NOT NULL,
  `user_id` int NOT NULL,
  `date` datetime NOT NULL DEFAULT CURRENT_TIMESTAMP,
  `total` int NOT NULL,
  `address` varchar(255) CHARACTER SET utf8mb4 COLLATE utf8mb4_general_ci NOT NULL,
  `phone` varchar(10) CHARACTER SET utf8mb4 COLLATE utf8mb4_general_ci NOT NULL,
  `note` text CHARACTER SET utf8mb4 COLLATE utf8mb4_general_ci NOT NULL,
  `status` tinyint(1) NOT NULL DEFAULT '1'
) ENGINE=InnoDB DEFAULT CHARSET=utf8mb4 COLLATE=utf8mb4_general_ci;

--
-- Dumping data for table `orders`
--

INSERT INTO `orders` (`order_id`, `user_id`, `date`, `total`, `address`, `phone`, `note`, `status`) VALUES
(52, 15, '2024-11-30 15:20:55', 200000, 'Hà Nội', '0865804569', 'Giao hàng nhanh giúp tôi!!!!', 4),
(53, 15, '2024-11-30 15:27:46', 159000, 'Hà Nội', '0865804569', '', 2),
(54, 15, '2024-11-30 15:30:15', 97000, 'Hà Nội', '0865804569', '', 4),
(55, 15, '2024-11-30 15:41:40', 100000, 'Hà Nội', '0865804569', '', 1),
(56, 15, '2024-12-04 22:10:15', 2569000, 'số 81 lk 23 vân canh hoài đức', '0354758037', '', 1);

-- --------------------------------------------------------

--
-- Table structure for table `posts`
--

CREATE TABLE `posts` (
  `post_id` int NOT NULL,
  `category_id` int NOT NULL,
  `title` varchar(255) CHARACTER SET utf8mb4 COLLATE utf8mb4_general_ci NOT NULL,
  `image` varchar(255) CHARACTER SET utf8mb4 COLLATE utf8mb4_general_ci NOT NULL,
  `author` varchar(255) CHARACTER SET utf8mb4 COLLATE utf8mb4_general_ci NOT NULL,
  `content` text CHARACTER SET utf8mb4 COLLATE utf8mb4_general_ci NOT NULL,
  `views` int NOT NULL DEFAULT '0',
  `status` tinyint(1) NOT NULL DEFAULT '1',
  `created_at` datetime NOT NULL DEFAULT CURRENT_TIMESTAMP,
  `updated_at` datetime NOT NULL DEFAULT CURRENT_TIMESTAMP ON UPDATE CURRENT_TIMESTAMP
) ENGINE=InnoDB DEFAULT CHARSET=utf8mb4 COLLATE=utf8mb4_general_ci;

--
-- Dumping data for table `posts`
--

INSERT INTO `posts` (`post_id`, `category_id`, `title`, `image`, `author`, `content`, `views`, `status`, `created_at`, `updated_at`) VALUES
(13, 15, 'Bò Khô – Món Ăn Vặt “Hút Hồn” Giới Trẻ Hiện Nay', 'bokho.jpg', 'Admin', '<p>Bò khô từ lâu đã trở thành một trong những món ăn vặt không thể thiếu trong danh sách yêu thích của giới trẻ. Hương vị cay cay, ngọt ngọt hòa quyện cùng độ dai vừa phải đã tạo nên sức hấp dẫn khó cưỡng. Dù là tụ họp bạn bè, ngồi nhâm nhi tại nhà hay mua làm quà biếu, bò khô luôn là lựa chọn hàng đầu.</p><h3><strong>1. Đặc Trưng Hương Vị Bò Khô</strong></h3><p>Bò khô thường được làm từ thịt bò nguyên chất, tẩm ướp gia vị đậm đà như ớt, tỏi, gừng và sả. Sau đó, thịt được sấy khô hoặc nướng qua để tạo độ dai giòn đặc trưng. Khi thưởng thức, vị cay nồng của ớt lan tỏa, kết hợp cùng chút ngọt thanh và hương thơm của sả, tạo nên trải nghiệm ẩm thực khó quên.</p><h3><strong>2. Cách Giới Trẻ Thưởng Thức Bò Khô</strong></h3><ul><li><strong>Ăn trực tiếp</strong>: Đây là cách phổ biến nhất. Một gói bò khô nhỏ gọn, dễ dàng mang đi khắp nơi, phù hợp để ăn nhẹ khi xem phim, học nhóm hoặc đi du lịch.</li><li><strong>Kết hợp món khác</strong>: Bò khô cũng là nguyên liệu quen thuộc trong các món gỏi, nộm như gỏi xoài bò khô hay nộm đu đủ bò khô, vừa lạ miệng vừa hấp dẫn.</li><li><strong>Nhâm nhi cùng đồ uống</strong>: Không ít bạn trẻ chọn bò khô làm món nhâm nhi khi thưởng thức bia, nước ngọt hoặc trà chanh.</li></ul><h3><strong>3. Vì Sao Bò Khô Được Yêu Thích?</strong></h3><ul><li><strong>Tiện lợi</strong>: Gói bò khô nhỏ gọn, dễ bảo quản, phù hợp với lối sống năng động của giới trẻ hiện đại.</li><li><strong>Đa dạng hương vị</strong>: Từ cay nồng, ngọt dịu đến mặn mòi, mỗi loại bò khô đều mang lại cảm giác mới mẻ.</li><li><strong>Giá cả hợp lý</strong>: Chỉ với vài chục nghìn đồng, bạn đã có thể sở hữu một phần bò khô ngon miệng.</li></ul><h3><strong>4. Lưu Ý Khi Mua Bò Khô</strong></h3><p>Hiện nay trên thị trường có rất nhiều loại bò khô, từ sản phẩm handmade đến hàng sản xuất công nghiệp. Khi mua, cần lưu ý:</p><ul><li>Chọn sản phẩm có nguồn gốc rõ ràng.</li><li>Kiểm tra hạn sử dụng và bao bì đóng gói.</li><li>Ưu tiên mua tại các cửa hàng uy tín hoặc các thương hiệu nổi tiếng để đảm bảo chất lượng.</li></ul><h3><strong>5. Tự Làm Bò Khô Tại Nhà</strong></h3><p>Nếu bạn muốn thử sức với món ăn này, tự làm bò khô tại nhà cũng là một ý tưởng thú vị. Chỉ cần chuẩn bị thịt bò tươi, gia vị yêu thích và một chút kiên nhẫn, bạn sẽ có ngay một mẻ bò khô thơm ngon, đảm bảo vệ sinh.</p>', 0, 1, '2024-12-04 22:05:31', '2024-12-04 22:07:06'),
(14, 16, 'Hạt Dẻ Cười – “Vua” Hạt Dinh Dưỡng Được Giới Trẻ Yêu Thích', 'hatdecuoi.jpg', 'Admin', '<p>Hạt dẻ cười, hay còn được gọi là pistachio, từ lâu đã được biết đến là một loại hạt dinh dưỡng cao cấp, không chỉ thơm ngon mà còn mang lại vô số lợi ích cho sức khỏe. Với hình dáng độc đáo và hương vị bùi béo đặc trưng, hạt dẻ cười đã trở thành món ăn vặt quen thuộc của nhiều người, đặc biệt là giới trẻ hiện đại.</p><h3><strong>1. Lợi Ích Dinh Dưỡng Của Hạt Dẻ Cười</strong></h3><p>Hạt dẻ cười không chỉ ngon miệng mà còn cực kỳ bổ dưỡng, là nguồn cung cấp:</p><ul><li><strong>Chất xơ</strong>: Giúp hỗ trợ hệ tiêu hóa và mang lại cảm giác no lâu.</li><li><strong>Protein và chất béo lành mạnh</strong>: Tốt cho tim mạch, giảm cholesterol xấu và tăng năng lượng.</li><li><strong>Vitamin và khoáng chất</strong>: Đặc biệt là vitamin E, B6, kali, magiê và chất chống oxy hóa giúp cải thiện sức khỏe da, mắt và hệ miễn dịch.</li></ul><h3><strong>2. Cách Thưởng Thức Hạt Dẻ Cười</strong></h3><ul><li><strong>Ăn trực tiếp</strong>: Cách đơn giản nhất là bóc vỏ và thưởng thức ngay. Đây là món ăn vặt lý tưởng trong các buổi họp mặt bạn bè, học nhóm hoặc làm việc.</li><li><strong>Kết hợp với món khác</strong>:<ul><li>Rắc lên sữa chua, kem hoặc sinh tố để tăng độ bùi béo.</li><li>Làm nguyên liệu trong các món bánh, chè hoặc salad để tăng thêm hương vị và giá trị dinh dưỡng.</li></ul></li><li><strong>Làm quà tặng</strong>: Hạt dẻ cười được đóng gói đẹp mắt thường được chọn làm quà biếu sang trọng trong các dịp lễ Tết.</li></ul><h3><strong>3. Vì Sao Hạt Dẻ Cười Được Ưa Chuộng?</strong></h3><ul><li><strong>Tốt cho sức khỏe</strong>: Là một món ăn vặt lành mạnh, hạt dẻ cười phù hợp với xu hướng sống khỏe của giới trẻ.</li><li><strong>Hương vị độc đáo</strong>: Bùi béo, giòn giòn với chút ngọt tự nhiên, hạt dẻ cười dễ dàng “hạ gục” cả những thực khách khó tính.</li><li><strong>Dễ dàng mang theo</strong>: Hạt dẻ cười đóng gói nhỏ gọn, tiện lợi, rất phù hợp với phong cách sống bận rộn.</li></ul><h3><strong>4. Lưu Ý Khi Sử Dụng Hạt Dẻ Cười</strong></h3><p>Để tận dụng tối đa lợi ích của hạt dẻ cười, bạn nên:</p><ul><li>Chọn mua sản phẩm không tẩm muối hoặc ít gia vị để tránh dư thừa natri.</li><li>Bảo quản nơi khô ráo, thoáng mát để giữ hạt luôn thơm ngon.</li><li>Không ăn quá nhiều một lúc để tránh gây khó tiêu.</li></ul><h3><strong>Kết Hợp Hoàn Hảo: Bò Khô và Hạt Dẻ Cười</strong></h3><p>Nếu bạn đang tìm kiếm một “combo” ăn vặt lý tưởng, hãy thử kết hợp bò khô và hạt dẻ cười. Vị cay đậm đà của bò khô cùng hương vị bùi béo tự nhiên của hạt dẻ cười chắc chắn sẽ mang lại trải nghiệm thú vị.</p>', 0, 1, '2024-12-04 22:08:04', '2024-12-04 22:08:34');

-- --------------------------------------------------------

--
-- Table structure for table `post_categories`
--

CREATE TABLE `post_categories` (
  `id` int NOT NULL,
  `name` varchar(255) CHARACTER SET utf8mb4 COLLATE utf8mb4_general_ci NOT NULL
) ENGINE=InnoDB DEFAULT CHARSET=utf8mb4 COLLATE=utf8mb4_general_ci;

--
-- Dumping data for table `post_categories`
--

INSERT INTO `post_categories` (`id`, `name`) VALUES
(15, 'Món ngon mỗi ngay'),
(16, 'Hạt dinh dưỡng');

-- --------------------------------------------------------

--
-- Table structure for table `products`
--

CREATE TABLE `products` (
  `product_id` int NOT NULL,
  `category_id` int NOT NULL,
  `name` varchar(255) CHARACTER SET utf8mb4 COLLATE utf8mb4_general_ci NOT NULL,
  `image` varchar(255) CHARACTER SET utf8mb4 COLLATE utf8mb4_general_ci NOT NULL,
  `quantity` int NOT NULL,
  `price` int NOT NULL,
  `sale_price` int NOT NULL,
  `create_date` datetime NOT NULL DEFAULT CURRENT_TIMESTAMP,
  `views` int NOT NULL DEFAULT '0',
  `details` text CHARACTER SET utf8mb4 COLLATE utf8mb4_general_ci NOT NULL,
  `short_description` text CHARACTER SET utf8mb4 COLLATE utf8mb4_general_ci NOT NULL,
  `status` tinyint(1) NOT NULL DEFAULT '1'
) ENGINE=InnoDB DEFAULT CHARSET=utf8mb4 COLLATE=utf8mb4_general_ci;

--
-- Dumping data for table `products`
--

INSERT INTO `products` (`product_id`, `category_id`, `name`, `image`, `quantity`, `price`, `sale_price`, `create_date`, `views`, `details`, `short_description`, `status`) VALUES
(1, 4, 'Cá cơm rim đậu phộng', 'Ca-com.jpg', 100, 199000, 159000, '2023-11-18 08:22:03', 2, '<p>1. Thành phần chính<br>Cá cơm:<br>Cá cơm được chọn lọc kỹ lưỡng từ những con cá tươi, làm sạch và rim với gia vị để tạo nên hương vị đậm đà. Cá cơm là nguồn cung cấp protein chất lượng cao và các vitamin cần thiết cho cơ thể.<br>Đậu phộng:<br>Đậu phộng được rang giòn, giúp bổ sung độ béo và giòn cho món ăn. Đậu phộng cũng chứa nhiều chất béo lành mạnh, vitamin E và các khoáng chất có lợi cho sức khỏe.<br>Gia vị:<br>Cá cơm rim đậu phộng được tẩm ướp với các gia vị như nước mắm, đường, tiêu, tỏi và ớt, tạo ra một hương vị đậm đà, vừa mặn vừa ngọt, kết hợp với độ cay nhẹ từ ớt.<br>2. Quy cách sản phẩm<br>Hình dáng:<br>Cá cơm rim đậu phộng thường có dạng miếng nhỏ, dễ ăn, với cá cơm giòn tan và đậu phộng có độ giòn nhẹ. Gia vị và đậu phộng phủ đều lên cá, tạo thành một món ăn vô cùng bắt mắt và hấp dẫn.<br>Đóng gói:<br>Sản phẩm được đóng gói trong bao bì hút chân không hoặc túi zip, giúp bảo quản tốt hương vị và độ giòn của món ăn.<br>Trọng lượng thông dụng: 100g, 200g, 500g mỗi gói.<br>3. Đặc điểm nổi bật<br>Hương vị đậm đà và giòn giòn:<br>Cá cơm rim có vị mặn mà từ nước mắm, ngọt nhẹ từ đường và thơm nồng từ tỏi, kết hợp với độ giòn của đậu phộng, tạo ra một món ăn vặt hấp dẫn.<br>Giàu dinh dưỡng:<br>Cá cơm là nguồn cung cấp protein và các khoáng chất thiết yếu cho cơ thể, trong khi đậu phộng cung cấp chất béo lành mạnh và năng lượng.<br>Tiện lợi và dễ bảo quản:<br>Bao bì hút chân không giúp bảo quản sản phẩm lâu dài, giữ cho cá và đậu phộng luôn giòn và thơm ngon.<br>4. Hướng dẫn sử dụng<br>Ăn trực tiếp:<br>Cá cơm rim đậu phộng có thể ăn ngay sau khi mở bao bì, là món ăn vặt lý tưởng cho các bữa tiệc hoặc thưởng thức trong các buổi tụ họp.<br>Ăn kèm với cơm hoặc bún:<br>Món ăn này cũng rất hợp khi ăn kèm với cơm trắng hoặc bún, giúp tăng thêm hương vị cho bữa ăn gia đình.<br>Món nhắm cho tiệc:<br>Cá cơm rim đậu phộng là món nhắm tuyệt vời cho các buổi nhậu hoặc tụ họp bạn bè.<br>5. Bảo quản<br>Điều kiện bảo quản:<br>Cá cơm rim đậu phộng cần được bảo quản ở nơi khô ráo, thoáng mát và tránh ánh nắng trực tiếp.<br>Sau khi mở bao bì, bạn nên bảo quản sản phẩm trong hộp kín hoặc túi zip để duy trì độ giòn và hương vị tươi mới.<br>Thời hạn sử dụng:<br>Thời gian sử dụng của sản phẩm có thể lên đến 6 tháng nếu bảo quản đúng cách.<br>6. Đối tượng sử dụng<br>Người yêu thích món ăn vặt giòn giòn:<br>Cá cơm rim đậu phộng rất thích hợp cho những ai yêu thích món ăn vặt giòn giòn, dễ ăn và đậm đà.<br>Dành cho các bữa tiệc, nhậu nhẹt:<br>Món ăn này là lựa chọn tuyệt vời cho các dịp tụ họp, tiệc tùng hoặc các buổi nhậu nhẹt.</p>', '<p>Cá Cơm Rim Đậu Phộng là một món ăn vặt đặc sắc, được chế biến từ cá cơm tươi ngon kết hợp với đậu phộng rang giòn và gia vị thơm ngon. Đây là món ăn mang đậm hương vị truyền thống của ẩm thực Việt Nam, với sự kết hợp tuyệt vời giữa vị mặn, ngọt, cay và độ giòn của đậu phộng. Sản phẩm không chỉ ngon mà còn rất bổ dưỡng, thích hợp cho mọi lứa tuổi và có thể ăn kèm với cơm, bún hoặc làm món nhắm trong các dịp tụ họp, tiệc tùng.<br>&nbsp;</p>', 1),
(2, 4, 'Cá Bống Rim Dừa', 'Ca-bong.jpg', 100, 140000, 97000, '2023-11-18 10:15:54', 1, '<p>1. Thành phần chính<br>Cá bống:<br>Cá bống được chọn lọc từ những con cá tươi ngon, có thịt ngọt và mềm. Sau khi làm sạch, cá bống được rim với gia vị cho đến khi thấm đều gia vị, giữ được độ ngọt tự nhiên của cá.<br>Dừa tươi:<br>Nước cốt dừa tươi hoặc cơm dừa được sử dụng để tạo sự béo ngậy và thơm ngon cho món ăn. Dừa làm tăng thêm độ ngậy và hương thơm đặc biệt, kết hợp hoàn hảo với cá bống.<br>Gia vị:<br>Gia vị truyền thống như đường, nước mắm, tỏi, ớt, tiêu được sử dụng để tạo nên hương vị đậm đà, vừa ngọt, vừa mặn, vừa cay nhẹ, tạo nên sự kết hợp tuyệt vời cho món ăn.<br>2. Quy cách sản phẩm<br>Hình dáng:<br>Cá bống sau khi được rim với dừa có màu vàng ươm, dừa được rim mềm, hòa quyện với gia vị, tạo thành món ăn thơm ngon và đẹp mắt. Cá bống có độ mềm vừa phải, thịt ngọt và béo ngậy từ dừa.<br>Đóng gói:<br>Sản phẩm thường được đóng gói trong bao bì hút chân không hoặc túi zip để bảo quản hương vị lâu dài.<br>Trọng lượng thông dụng: 100g, 200g, 500g mỗi gói.<br>3. Đặc điểm nổi bật<br>Hương vị thơm ngon, béo ngậy:<br>Cá bống rim dừa có hương vị đậm đà, với sự kết hợp hoàn hảo giữa vị ngọt của cá và độ béo của nước cốt dừa, mang đến một món ăn ngon và dễ gây nghiện.<br>Độ giòn và mềm của dừa:<br>Cơm dừa sau khi được rim mềm nhưng vẫn giữ được độ giòn nhẹ, tạo sự thú vị khi ăn kèm với cá.<br>Tiện lợi và dễ bảo quản:<br>Bao bì hút chân không giúp bảo quản sản phẩm lâu dài mà không làm mất đi hương vị và chất lượng của món ăn.<br>4. Hướng dẫn sử dụng<br>Ăn trực tiếp:<br>Cá bống rim dừa có thể ăn ngay sau khi mở bao bì, là món ăn vặt lý tưởng cho các bữa tiệc hoặc thưởng thức trong các buổi tụ họp.<br>Kết hợp với cơm:<br>Món ăn này có thể ăn kèm với cơm trắng, giúp tạo ra một bữa ăn đầy đủ, thơm ngon và hấp dẫn.<br>Dùng làm món nhắm:<br>Cá bống rim dừa cũng rất thích hợp làm món nhắm trong các buổi tiệc hoặc nhậu nhẹt.<br>5. Bảo quản<br>Điều kiện bảo quản:<br>Cá bống rim dừa cần được bảo quản ở nơi khô ráo, thoáng mát và tránh ánh nắng trực tiếp.<br>Sau khi mở bao bì, bạn nên bảo quản sản phẩm trong hộp kín hoặc túi zip để duy trì độ giòn và hương vị tươi mới.<br>Thời hạn sử dụng:<br>Sản phẩm có thể sử dụng trong vòng 6 tháng nếu bảo quản đúng cách.<br>6. Đối tượng sử dụng<br>Người yêu thích món ăn truyền thống:<br>Món cá bống rim dừa rất thích hợp cho những ai yêu thích các món ăn mang đậm hương vị truyền thống, với sự kết hợp giữa cá và dừa.<br>Dành cho các bữa tiệc và nhậu nhẹt:<br>Món ăn này là lựa chọn tuyệt vời cho các dịp tụ họp, tiệc tùng, hoặc là món nhắm trong các buổi nhậu nhẹt.</p>', '<p>Cá Bống Rim Dừa là một món ăn mang đậm hương vị đặc trưng của vùng sông nước miền Tây Nam Bộ, kết hợp giữa vị ngọt tự nhiên của cá bống và sự thơm ngon từ dừa tươi. Món cá bống rim dừa có vị ngọt thanh, cay nhẹ, thêm phần béo ngậy từ nước cốt dừa, tạo thành một món ăn vô cùng hấp dẫn. Đây là món ăn vặt phổ biến và cũng thường xuyên xuất hiện trong các bữa ăn gia đình hay các dịp lễ tết.</p>', 1),
(6, 6, 'Nho khô Hàn Quốc', 'Nho-kho-han.png', 50, 145000, 100000, '2023-11-20 22:23:49', 1, '<p>1. Thành phần chính<br>Nho tươi xanh:<br>Sản phẩm được chế biến từ những quả nho xanh tươi ngon, không có chất bảo quản hay phụ gia hóa học. Nho được sấy khô tự nhiên hoặc bằng công nghệ sấy lạnh để giữ nguyên giá trị dinh dưỡng.<br>100% nho xanh:<br>Thành phần hoàn toàn là nho xanh, không pha trộn với các chất phụ gia khác, đảm bảo sản phẩm hoàn toàn tự nhiên.<br>2. Quy cách sản phẩm<br>Hình dáng:<br>Nho khô xanh có màu xanh tự nhiên, kích thước quả vừa phải, mềm dẻo, và có độ ẩm vừa phải, không quá khô cứng.<br>Đóng gói:<br>Được đóng gói trong bao bì kín, bảo quản độ tươi ngon của nho và tránh tiếp xúc với không khí.<br>Trọng lượng phổ biến: 250g, 500g, hoặc 1kg, tùy vào nhu cầu sử dụng.<br>3. Đặc điểm nổi bật<br>Hương vị ngọt thanh tự nhiên:<br>Nho khô xanh có hương vị ngọt nhẹ, tự nhiên, không quá ngọt như các loại nho khô khác, mang lại cảm giác dễ chịu khi ăn.<br>Sản phẩm chất lượng cao:<br>Sản phẩm được chọn lọc kỹ càng, từ những quả nho tươi ngon, sản xuất và đóng gói theo quy trình nghiêm ngặt để đảm bảo chất lượng cao.<br>Không có chất bảo quản:<br>Nho khô xanh Hàn Quốc hoàn toàn tự nhiên, không chứa chất bảo quản hay hóa chất, đảm bảo an toàn cho người sử dụng.<br>4. Hướng dẫn sử dụng<br>Ăn trực tiếp:<br>Nho khô xanh có thể ăn trực tiếp như một món ăn vặt bổ dưỡng và ngon miệng.<br>Thêm vào các món ăn:<br>Nho khô xanh có thể được dùng để thêm vào các món salad, trộn với ngũ cốc, hoặc sử dụng làm topping cho yogurt, cháo, hoặc sinh tố.<br>Dùng trong các món tráng miệng:<br>Bạn có thể sử dụng nho khô xanh trong các món bánh, cookies, hoặc tráng miệng như pudding, kem, hoặc các món trái cây trộn.<br>5. Bảo quản<br>Điều kiện:<br>Bảo quản nho khô xanh ở nơi khô ráo, thoáng mát, tránh ánh nắng trực tiếp và độ ẩm cao để duy trì chất lượng sản phẩm.<br>Để bảo quản lâu dài, bạn có thể cho nho khô vào túi kín hoặc hộp bảo quản sau khi mở bao bì.<br>Thời hạn sử dụng: Thông thường sản phẩm có thể bảo quản được từ 6 đến 12 tháng, tùy thuộc vào điều kiện bảo quản.<br>6. Đối tượng sử dụng<br>Mọi lứa tuổi: Nho khô xanh là món ăn vặt lý tưởng cho tất cả mọi người, từ trẻ em đến người lớn, đặc biệt là những ai yêu thích ăn trái cây khô tự nhiên và lành mạnh.<br>Người ăn kiêng hoặc ăn chay: Nho khô xanh là một nguồn năng lượng tuyệt vời, rất thích hợp cho người ăn kiêng, ăn chay hoặc theo chế độ ăn lành mạnh.<br>Người tập thể dục, thể thao: Với lượng đường tự nhiên và các khoáng chất, nho khô xanh là nguồn cung cấp năng lượng tức thời, giúp phục hồi nhanh chóng sau khi tập luyện.</p>', '<p>Nho khô xanh Hàn Quốc là một sản phẩm trái cây khô cao cấp, được sản xuất từ nho tươi xanh được chọn lọc kỹ lưỡng và chế biến theo quy trình đặc biệt để giữ lại hương vị tự nhiên, giàu dưỡng chất và dinh dưỡng. Với nguồn gốc từ Hàn Quốc, nho khô xanh có hương vị ngọt thanh tự nhiên, mềm dẻo và có màu sắc hấp dẫn, là món ăn vặt tuyệt vời cho sức khỏe.</p>', 1),
(14, 6, 'Hạt óc chó', 'Hat-oc-cho.png', 5, 120000, 102000, '2023-11-20 22:54:49', 2, '<p>&nbsp;</p><p>1. Thành phần chính<br>Nhân hạt óc chó vàng:<br>Hạt óc chó (hay còn gọi là quả óc chó) được lựa chọn từ những cây óc chó chất lượng, đã qua quy trình sấy khô hoặc tách vỏ, đảm bảo giữ lại tất cả các dưỡng chất.<br>Nhân hạt có màu vàng đặc trưng, hạt mềm, không quá cứng và có độ bùi béo.<br>Tính chất tự nhiên:<br>Không chứa chất bảo quản, không phẩm màu, hoàn toàn tự nhiên và an toàn cho sức khỏe.<br>2. Quy cách sản phẩm<br>Hình dáng:<br>Hạt óc chó vàng có kích thước vừa phải, hình bầu dục hoặc tròn, với lớp vỏ mỏng bên ngoài.<br>Nhân hạt óc chó vàng có màu sắc từ vàng nhạt đến vàng đậm, nhìn rất bắt mắt.<br>Đóng gói:<br>Đóng gói trong túi nhựa hoặc hộp kín, trọng lượng: 500g, dễ dàng bảo quản và tiện lợi sử dụng.<br>Bao bì đẹp mắt, có thông tin về nguồn gốc và hướng dẫn sử dụng rõ ràng.<br>3. Đặc điểm nổi bật<br>Hương vị:<br>Nhân hạt óc chó vàng có vị bùi, ngậy, thơm và ngọt nhẹ, rất dễ ăn và có thể dùng làm topping cho nhiều món ăn.<br>Giá trị dinh dưỡng:<br>Hạt óc chó là nguồn cung cấp chất béo lành mạnh (omega-3), protein, chất xơ, vitamin E, và khoáng chất như magiê, phốt pho, và sắt.<br>Tính linh hoạt:<br>Có thể ăn trực tiếp như một món ăn vặt, hoặc sử dụng trong các món chế biến sẵn như bánh, salad, sữa hạt, hoặc thêm vào các món ăn hàng ngày.<br>4. Hướng dẫn sử dụng<br>Ăn trực tiếp:<br>Thưởng thức như một món ăn vặt bổ dưỡng và lành mạnh.<br>Chế biến món ăn:<br>Dùng làm topping cho salad, sữa chua, hoặc các món tráng miệng như bánh, mứt.<br>Thêm vào các món sinh tố hoặc nước ép để tăng cường giá trị dinh dưỡng.<br>Có thể dùng để làm nhân cho các loại bánh, kẹo hoặc các món nướng.<br>Kết hợp:<br>Nhân hạt óc chó vàng có thể kết hợp với các loại hạt khác như hạt chia, hạt hạnh nhân, hoặc nho khô để tạo ra các món ăn vặt dinh dưỡng.<br>5. Bảo quản<br>Điều kiện:<br>Bảo quản ở nơi khô ráo, thoáng mát, tránh ánh nắng trực tiếp và độ ẩm cao.<br>Đậy kín bao bì sau khi mở để đảm bảo hạt không bị ẩm hoặc mất hương vị.<br>Thời hạn sử dụng: Khoảng 6–12 tháng nếu bảo quản đúng cách.<br>6. Đối tượng sử dụng<br>Phù hợp với tất cả mọi người, đặc biệt là những người quan tâm đến sức khỏe, đang tìm kiếm các món ăn vặt lành mạnh.<br>Thích hợp cho các bữa ăn nhẹ, thể thao, người ăn kiêng hoặc trong chế độ ăn uống lành mạnh.</p>', '<p>Nhân hạt óc chó vàng là một loại thực phẩm giàu dinh dưỡng, rất phổ biến trong các bữa ăn vặt lành mạnh hoặc trong các món tráng miệng, salad, hay các món nướng. Với kích thước hạt vừa phải, màu vàng đẹp mắt và vị bùi béo, nhân hạt óc chó vàng mang lại nhiều lợi ích sức khỏe và rất dễ sử dụng trong chế biến món ăn.</p>', 1),
(15, 6, 'Hạt hạnh nhân Mỹ', 'Hat-hanh-nhan.png', 50, 118000, 95000, '2023-11-20 23:05:47', 0, '<p>&nbsp;</p><p>1. Thành phần chính<br>Hạt hạnh nhân Mỹ:<br>Hạt hạnh nhân được lựa chọn từ những quả hạnh nhân tươi ngon, đảm bảo chất lượng.<br>Hạt hạnh nhân tách vỏ, không có vỏ ngoài, mang đến sự tiện lợi khi sử dụng.<br>Vị tự nhiên của hạt hạnh nhân giúp giữ nguyên độ ngọt nhẹ và bùi béo đặc trưng.<br>Không gia vị:<br>Sản phẩm có vị tự nhiên, không thêm muối hay gia vị, phù hợp với những ai yêu thích hương vị nguyên bản của hạt.<br>2. Quy cách sản phẩm<br>Hình dáng:<br>Hạt hạnh nhân có hình bầu dục, mỏng, với lớp vỏ mịn bên ngoài, sáng màu và bóng bẩy.<br>Hạt đã được tách vỏ sạch sẽ, chỉ còn lại phần nhân bên trong, dễ dàng thưởng thức.<br>Đóng gói:<br>Được đóng gói trong túi nhựa hoặc bao bì kín, giúp bảo quản hạt lâu dài và giữ được độ tươi ngon.<br>Trọng lượng phổ biến: 250g, 500g, hoặc 1kg tùy theo nhu cầu sử dụng.<br>3. Đặc điểm nổi bật<br>Hương vị tự nhiên:<br>Hạt hạnh nhân có vị bùi béo, ngọt nhẹ, dễ ăn mà không bị ngấy, phù hợp với những người yêu thích hương vị tự nhiên.<br>Giá trị dinh dưỡng cao:<br>Hạt hạnh nhân là nguồn cung cấp protein thực vật, chất béo lành mạnh (omega-3), vitamin E, chất xơ và các khoáng chất quan trọng như magiê, sắt và canxi.<br>Lợi ích sức khỏe:<br>Hạt hạnh nhân giúp hỗ trợ sức khỏe tim mạch, cân bằng cholesterol, tốt cho da và tóc nhờ vào lượng vitamin E dồi dào.<br>4. Hướng dẫn sử dụng<br>Ăn trực tiếp:<br>Thưởng thức trực tiếp như một món ăn vặt bổ dưỡng.<br>Kết hợp trong các món ăn:<br>Dùng làm topping cho salad, cháo, sữa chua hoặc các món bánh.<br>Có thể thêm vào sinh tố, các món nướng hoặc các món ăn chế biến sẵn.<br>Kết hợp với các loại hạt khác:<br>Hạt hạnh nhân có thể kết hợp với các loại hạt như hạt chia, hạt óc chó, hạt dẻ cười để tạo thành hỗn hợp hạt dinh dưỡng, rất thích hợp cho những ai yêu thích ăn vặt lành mạnh.<br>5. Bảo quản<br>Điều kiện:<br>Bảo quản ở nơi khô ráo, thoáng mát, tránh ánh nắng trực tiếp và độ ẩm cao.<br>Sau khi mở bao bì, nên đậy kín hoặc bảo quản trong hộp kín để giữ được độ tươi và hương vị của hạt hạnh nhân.<br>Thời hạn sử dụng: Khoảng 6–12 tháng nếu bảo quản đúng cách.<br>6. Đối tượng sử dụng<br>Phù hợp với mọi lứa tuổi, đặc biệt là những người đang theo đuổi chế độ ăn lành mạnh hoặc cần bổ sung thêm protein và các dưỡng chất từ thực vật.<br>Thích hợp cho các bữa ăn nhẹ, ăn vặt trong ngày, hoặc làm món ăn cho các bữa tiệc, tụ tập bạn bè.</p>', '<p>Hạt hạnh nhân Mỹ tách vỏ vị tự nhiên là một trong những loại hạt phổ biến và bổ dưỡng, được ưa chuộng trên toàn thế giới. Sản phẩm này được chế biến từ những hạt hạnh nhân chất lượng cao, tách vỏ sạch sẽ, giữ nguyên vẹn vị tự nhiên của hạt, mang lại sự ngon miệng và nhiều lợi ích cho sức khỏe. Được đóng gói tiện lợi, dễ sử dụng, hạt hạnh nhân rất thích hợp làm món ăn vặt hay thêm vào các món ăn chế biến sẵn.</p>', 1),
(16, 6, 'Hạt điều rang muối Binh', 'Hat-dieu-rang.jpg', 200, 110000, 90000, '2023-11-20 23:09:13', 0, '<p>&nbsp;</p><p>1. Thành phần chính<br>Hạt điều Bình Phước:<br>Hạt điều được thu hoạch từ vùng Bình Phước nổi tiếng, nơi có điều kiện tự nhiên lý tưởng cho sự phát triển của cây điều.<br>Sản phẩm này là hạt điều size A, là loại hạt to, đều và đẹp mắt, có chất lượng cao.<br>Vị rang muối:<br>Hạt điều được rang muối vừa phải để giữ được độ béo ngậy tự nhiên của hạt, kết hợp với vị mặn nhẹ, tăng thêm hương vị hấp dẫn.<br>Còn vỏ lụa:<br>Sản phẩm giữ lại vỏ lụa, mang đến cảm giác thú vị khi ăn và giúp bảo vệ hạt điều trong quá trình chế biến và bảo quản.<br>2. Quy cách sản phẩm<br>Hình dáng:<br>Hạt điều có kích thước lớn, đều và mập, với màu vàng nhạt đặc trưng.<br>Hạt điều còn vỏ lụa, tạo cảm giác cứng cáp khi ăn, đồng thời giúp bảo vệ hạt điều trong quá trình rang muối.<br>Đóng gói:<br>Đóng gói trong túi hoặc hộp kín, giữ cho hạt điều luôn tươi mới và thơm ngon.<br>Trọng lượng phổ biến: 250g, 500g, hoặc 1kg, tùy vào nhu cầu sử dụng.<br>3. Đặc điểm nổi bật<br>Hương vị tự nhiên:<br>Hạt điều rang muối giữ nguyên vị bùi béo tự nhiên, kết hợp với vị mặn vừa phải của muối, tạo nên món ăn vặt đậm đà, ngon miệng.<br>Kích thước lớn:<br>Hạt điều size A to, đầy đặn, mang lại cảm giác ngon miệng và hài lòng khi thưởng thức.<br>Vỏ lụa bảo vệ:<br>Giữ vỏ lụa bên ngoài giúp hạt điều thêm phần thơm ngon và lâu hư, đồng thời làm tăng trải nghiệm ăn uống.<br>Nguồn gốc từ Bình Phước:<br>Bình Phước là địa phương nổi tiếng với sản phẩm hạt điều chất lượng, được trồng trong môi trường lý tưởng, cho ra hạt điều thơm ngon, béo ngậy.<br>4. Hướng dẫn sử dụng<br>Ăn trực tiếp:<br>Hạt điều rang muối có thể ăn trực tiếp như một món ăn vặt bổ dưỡng, dễ dàng mang theo để thưởng thức mọi lúc, mọi nơi.<br>Kết hợp với các món ăn khác:<br>Thêm hạt điều vào các món salad, cháo, sữa chua hoặc trộn vào các món xào, nướng để tạo thêm hương vị.<br>Có thể sử dụng hạt điều làm topping cho bánh, kem hoặc các món tráng miệng.</p>', '<p>Hạt điều rang muối Bình Phước còn vỏ lụa size A Cồ là sản phẩm hạt điều chất lượng cao, được chế biến từ hạt điều nguyên vẹn, rang muối vừa phải để tạo ra hương vị bùi béo đặc trưng. Sản phẩm này có đặc điểm nổi bật là còn giữ lại vỏ lụa bên ngoài, giúp bảo vệ hạt điều và tạo cảm giác thú vị khi thưởng thức. Hạt điều Bình Phước nổi tiếng với kích thước to, chất lượng vượt trội và vị ngon khó cưỡng.</p>', 1),
(17, 6, 'Hạt dẻ cười', 'Hat-de-cuoi.jpg', 30, 270000, 187000, '2023-11-20 23:12:48', 0, '<p>&nbsp;</p><p>1. Thành phần chính<br>Hạt dẻ cười:<br>Hạt dẻ cười là nguồn cung cấp protein, chất xơ, vitamin B, khoáng chất như kali, canxi, và sắt. Hạt này còn chứa chất béo không bão hòa đơn và đa, rất có lợi cho sức khỏe tim mạch.<br>Sản phẩm có thể được chế biến nguyên vỏ hoặc đã bóc vỏ, tùy thuộc vào nhu cầu của người tiêu dùng.<br>2. Quy cách sản phẩm<br>Hình dáng:<br>Hạt dẻ cười có hình dáng tròn, vỏ ngoài hơi nứt, màu sắc từ xanh nhạt đến vàng nhạt, với phần nhân màu xanh mượt. Hạt dẻ cười không có vỏ hoặc có vỏ tùy thuộc vào từng loại sản phẩm.<br>Đóng gói:<br>Được đóng gói kín trong túi hoặc hộp, bảo quản độ tươi ngon và tránh ẩm mốc.<br>Trọng lượng phổ biến: 100g, 250g, 500g, hoặc 1kg, tùy vào nhu cầu sử dụng.<br>3. Đặc điểm nổi bật<br>Hương vị thơm ngon:<br>Hạt dẻ cười có vị bùi, ngọt nhẹ và giòn tan khi ăn. Với hương vị tự nhiên, hạt dẻ cười trở thành món ăn vặt được yêu thích.<br>Chất béo lành mạnh:<br>Hạt dẻ cười chứa lượng lớn chất béo không bão hòa đơn, giúp giảm cholesterol xấu và duy trì sức khỏe tim mạch.<br>Dinh dưỡng cao:<br>Hạt dẻ cười giàu protein, chất xơ, vitamin E, vitamin B6, sắt và magiê, cung cấp nhiều lợi ích cho sức khỏe, từ bảo vệ tim mạch đến cải thiện sức khỏe xương khớp.<br>Không chất bảo quản:<br>Sản phẩm hạt dẻ cười thường không chứa chất bảo quản hay hương liệu, giúp đảm bảo sự an toàn và tự nhiên cho người tiêu dùng.<br>4. Hướng dẫn sử dụng<br>Ăn trực tiếp:<br>Hạt dẻ cười có thể ăn trực tiếp như một món ăn vặt bổ dưỡng và ngon miệng.<br>Kết hợp với các món ăn khác:<br>Thêm hạt dẻ cười vào các món salad, sinh tố, bánh kẹo, hoặc dùng làm topping cho các món sữa chua và tráng miệng.<br>Dùng trong nấu ăn:<br>Hạt dẻ cười có thể được sử dụng trong các món ăn như cơm, món xào, hoặc các món nướng, để tạo thêm hương vị đặc biệt.<br>5. Bảo quản<br>Điều kiện:<br>Bảo quản hạt dẻ cười ở nơi khô ráo, thoáng mát, tránh ánh nắng trực tiếp và độ ẩm cao để giữ cho hạt không bị ẩm mốc.</p>', '<p>Hạt dẻ cười (hay còn gọi là Pistachio) là một loại hạt rất phổ biến, được yêu thích nhờ vào hương vị bùi béo, giòn tan và giá trị dinh dưỡng cao. Được thu hoạch từ cây pistachio, hạt dẻ cười không chỉ là món ăn vặt ngon miệng mà còn rất tốt cho sức khỏe, cung cấp nhiều vitamin, khoáng chất và chất béo lành mạnh.</p>', 1),
(18, 6, 'Hạt chia Úc tím', 'Hat-chia-uc.jpg', 66, 150000, 120000, '2023-11-20 23:20:33', 1, '<p>1. Thành phần chính<br>Hạt chia hữu cơ:<br>Hạt chia Úc Tím Absolute Organic được trồng và thu hoạch từ các trang trại hữu cơ, không sử dụng thuốc trừ sâu hoặc hóa chất, đảm bảo sản phẩm hoàn toàn tự nhiên.<br>Hạt chia có màu tím đặc trưng, khác biệt với các loại hạt chia thông thường.<br>100% hạt chia:<br>Không chứa bất kỳ chất bảo quản, hương liệu hay màu nhân tạo nào, mang đến sản phẩm sạch, tinh khiết.<br>2. Quy cách sản phẩm<br>Hình dáng:<br>Hạt chia nhỏ, có màu tím đặc trưng, tròn đều và bóng mượt.<br>Khi ngâm trong nước, hạt chia sẽ nở ra, tạo ra lớp gel bao quanh hạt.<br>Đóng gói:<br>Đóng gói trong túi hoặc hộp kín, giúp bảo quản hạt chia luôn tươi mới và giữ được độ dinh dưỡng cao.<br>Trọng lượng phổ biến: 250g, 500g, hoặc 1kg.<br>3. Đặc điểm nổi bật<br>Chứng nhận hữu cơ:<br>Hạt chia Absolute Organic được chứng nhận hữu cơ, đảm bảo không có hóa chất và thuốc trừ sâu, hoàn toàn tự nhiên và an toàn cho sức khỏe.<br>Giàu dinh dưỡng:<br>Hạt chia là nguồn giàu omega-3, chất xơ, protein, vitamin, và khoáng chất như canxi, sắt, magiê.<br>Chất lượng cao:<br>Hạt chia Úc Tím nổi bật với chất lượng vượt trội, có hương vị nhẹ nhàng và dễ dàng sử dụng trong nhiều món ăn.<br>4. Hướng dẫn sử dụng<br>Ăn trực tiếp:<br>Bạn có thể ăn hạt chia trực tiếp, hoặc thêm vào các món sinh tố, nước ép, hoặc trộn với các món ăn khác.<br>Ngâm nước:<br>Ngâm hạt chia trong nước hoặc sữa để chúng nở ra thành gel. Đây là cách sử dụng phổ biến để hạt chia dễ tiêu hóa hơn.<br>Thêm vào món ăn:<br>Hạt chia có thể được thêm vào các món salad, cháo, yogurt, hoặc bánh nướng.<br>Có thể kết hợp hạt chia với các loại trái cây, mật ong, hoặc các loại hạt khác để tạo thành món ăn bổ dưỡng.<br>Kết hợp trong các món tráng miệng:<br>Hạt chia cũng rất phù hợp để chế biến các món tráng miệng như pudding chia, gel chia hoặc thạch chia.<br>5. Bảo quản<br>Điều kiện:<br>Bảo quản ở nơi khô ráo, thoáng mát, tránh ánh nắng trực tiếp và độ ẩm cao để giữ chất lượng sản phẩm.<br>Sử dụng trong các món ăn chay:<br>Hạt điều rang muối là lựa chọn tuyệt vời cho người ăn chay, có thể kết hợp trong các món chay như cơm chiên, xào rau củ hay làm sốt kem chay.<br>5. Bảo quản<br>Điều kiện:<br>Bảo quản nơi khô ráo, thoáng mát, tránh ánh nắng trực tiếp và nhiệt độ cao để giữ hạt điều luôn tươi ngon.<br>Đậy kín bao bì sau khi mở, bảo quản trong hộp kín để hạt điều không bị mất mùi và giữ được độ giòn.<br>Thời hạn sử dụng: Khoảng 6–12 tháng nếu bảo quản đúng cách.<br>6. Đối tượng sử dụng<br>Mọi lứa tuổi: Hạt điều rang muối Bình Phước phù hợp với tất cả mọi người, đặc biệt là những ai yêu thích các món ăn vặt dinh dưỡng, bổ sung năng lượng và chất béo lành mạnh.<br>Người ăn kiêng: Hạt điều là nguồn cung cấp chất béo không bão hòa, có lợi cho sức khỏe, thích hợp cho người ăn kiêng và giữ gìn vóc dáng.<br>Người tập thể dục, thể thao: Với hàm lượng protein và chất béo cao, hạt điều cung cấp năng lượng cho cơ thể, hỗ trợ phục hồi cơ bắp và tăng cường sức khỏe.</p>', '<p>Hạt Chia Úc Tím Absolute Organic là một sản phẩm hạt chia cao cấp được chứng nhận hữu cơ, đến từ vùng nông sản nổi tiếng của Úc. Hạt chia là một nguồn thực phẩm dinh dưỡng tuyệt vời, giàu omega-3, chất xơ, protein, và các khoáng chất thiết yếu. Sản phẩm này không chỉ mang đến lợi ích cho sức khỏe mà còn là lựa chọn hoàn hảo cho những ai đang tìm kiếm thực phẩm hữu cơ tự nhiên, lành mạnh.</p>', 1),
(20, 6, 'Đậu Hà Lan mix 5 vị', 'Dau-ha-lan.png', 55, 200000, 160000, '2023-11-20 23:31:04', 0, '<p>Kết hợp với các món ăn khác:<br>Thêm vào các món salad, bát cháo, cơm trộn, hoặc các món xào để tăng thêm hương vị và dưỡng chất.<br>Làm món nhắm:<br>Làm món nhắm trong các bữa tiệc, hội nghị hoặc trong những buổi gặp gỡ bạn bè, người thân.<br>5. Bảo quản<br>Điều kiện:<br>Bảo quản nơi khô ráo, thoáng mát, tránh ánh nắng trực tiếp và độ ẩm cao để sản phẩm không bị ẩm ướt hoặc mất hương vị.<br>Sau khi mở bao bì, nên đậy kín lại và bảo quản trong hộp kín để giữ được độ giòn và hương vị.<br>Thời hạn sử dụng: Thường là từ 6–12 tháng nếu bảo quản đúng cách.<br>6. Đối tượng sử dụng<br>Mọi lứa tuổi: Đậu hà lan mix 5 vị là món ăn vặt thích hợp cho mọi lứa tuổi, từ trẻ em đến người lớn.<br>Người ăn kiêng hoặc ăn chay: Đậu hà lan là nguồn protein thực vật dồi dào, rất phù hợp cho người ăn kiêng, ăn chay hoặc tìm kiếm nguồn thực phẩm tự nhiên và lành mạnh.<br>Người tập thể dục, thể thao: Cung cấp năng lượng từ protein và chất xơ, đậu hà lan là lựa chọn tuyệt vời cho những người tập thể thao hoặc có nhu cầu bổ sung năng lượng nhanh chóng.​14:53/-strong/-heart:&gt;:o:-((:-h Xem trước khi gửiThả Files vào đây để xem lại trước khi gửi</p>', '<p>Đậu hà lan mix 5 vị có thể ăn trực tiếp như một món ăn vặt bổ dưỡng, cung cấp năng lượng cho cơ thể và làm dịu cơn đói.</p>', 1),
(21, 19, 'Cơm cháy rong biển', 'Com-chay-rong-bien.png', 20, 110000, 88000, '2023-11-23 09:54:06', 0, '<p>1. Thành phần chính<br>Cơm cháy:<br>Gạo nếp hoặc gạo tẻ được nấu chín, ép thành miếng và chiên giòn.<br>Cơm cháy có độ giòn vừa phải, giữ được hương vị thơm ngon.<br>Rong biển:<br>Rong biển khô được cắt nhỏ, chế biến và tẩm gia vị, tạo nên hương vị đặc trưng của biển.<br>Rong biển giúp tăng thêm dưỡng chất như i-ốt, vitamin A và C.<br>Gia vị:<br>Mỡ hành, tỏi phi, nước mắm, đường, và gia vị khác để tăng độ thơm và đậm đà cho sản phẩm.<br>Topping:<br>Một số sản phẩm có thể thêm mè rang, chà bông, hoặc gia vị cay tùy thích.<br>2. Quy cách sản phẩm<br>Hình dáng:<br>Miếng cơm cháy cắt thành hình vuông, tròn hoặc lát dài, bám đều rong biển và gia vị.<br>Đóng gói:<br>Được đóng trong hũ nhựa tiện lợi, dễ dàng bảo quản.<br>Trọng lượng: 300g/hũ, phù hợp để sử dụng trong thời gian dài hoặc làm quà tặng.<br>3. Đặc điểm nổi bật<br>Hương vị:<br>Sự kết hợp hài hòa giữa vị giòn của cơm cháy và vị mặn mát, thơm của rong biển, tạo nên món ăn vặt độc đáo.<br>Được gia vị tẩm ướp vừa phải, tạo cảm giác ngon miệng, dễ ăn.<br>Kết cấu:<br>Cơm cháy giòn rụm kết hợp với rong biển mềm, dẻo, mang đến sự cân bằng giữa giòn và mềm.<br>Màu sắc: Miếng cơm cháy vàng óng, với màu xanh đậm của rong biển và chút ánh sáng của gia vị.<br>4. Hướng dẫn sử dụng<br>Ăn liền:<br>Thưởng thức trực tiếp mà không cần chế biến thêm.<br>Kết hợp:<br>Có thể ăn kèm với tương ớt hoặc sa tế để tăng vị cay, hoặc thưởng thức cùng nước sốt chua ngọt.<br>Dùng làm món ăn vặt cho các buổi tụ tập bạn bè hoặc làm món ăn nhẹ trong các bữa tiệc.<br>Hâm nóng (tuỳ chọn):<br>Bạn có thể hâm nhẹ cơm cháy để tăng độ giòn trước khi thưởng thức.<br>5. Bảo quản<br>Điều kiện:<br>Bảo quản nơi khô ráo, thoáng mát, tránh ánh nắng trực tiếp và độ ẩm cao.<br>Sau khi mở nắp, nên đậy kín và bảo quản trong tủ kín hoặc hộp đựng kín để giữ độ giòn lâu.<br>Thời hạn sử dụng: Khoảng 30–45 ngày nếu bảo quản đúng cách.<br>6. Đối tượng sử dụng<br>Phù hợp với mọi lứa tuổi, đặc biệt là những người yêu thích các món ăn vặt mới lạ và lành mạnh.</p>', '<p>Cơm cháy rong biển là một món ăn vặt hấp dẫn, kết hợp giữa cơm cháy giòn rụm và hương vị biển đặc trưng từ rong biển. Món ăn này không chỉ mang lại sự giòn ngon mà còn rất bổ dưỡng nhờ vào sự có mặt của rong biển, là nguồn cung cấp khoáng chất và vitamin tự nhiên. Được đóng gói trong hũ 300g, sản phẩm rất tiện lợi và dễ bảo quản.</p>', 1),
(23, 19, 'Cơm cháy nồi chà bông', 'Com-chay-cha-bong.png', 30, 150000, 120000, '2023-11-23 12:19:16', 0, '<p>1. Thành phần chính<br>Cơm cháy:<br>Được làm từ gạo nấu chín (thường là gạo nếp hoặc gạo tẻ) tạo lớp cơm cháy vàng giòn.<br>Chiên hoặc sấy khô để giữ được độ giòn lâu.<br>Chà bông (ruốc):<br>Thịt heo xé sợi, chế biến mặn ngọt vừa phải.<br>Một số biến thể sử dụng chà bông gà hoặc chà bông cá.<br>Sốt mỡ hành:<br>Gồm mỡ hành, đường, nước mắm, và một ít tỏi phi, tạo lớp nền đậm đà.<br>Gia vị bổ sung:<br>Ớt bột, sa tế, hoặc tiêu (tùy loại).<br>2. Quy cách sản phẩm<br>Hình dáng:<br>Miếng cơm cháy hình tròn, vuông, hoặc cắt lát nhỏ dễ ăn.<br>Đóng gói:<br>Túi hút chân không hoặc hộp kín, giúp giữ độ giòn và hương vị.<br>Trọng lượng phổ biến: 200g – 500g.<br>3. Đặc điểm nổi bật<br>Hương vị:<br>Cơm cháy giòn tan, kết hợp vị mặn ngọt hài hòa của chà bông và sốt mỡ hành.<br>Vị cay nhẹ (tùy loại), kích thích vị giác.<br>Kết cấu:<br>Giòn rụm từ cơm cháy, mềm bông của chà bông, hòa quyện với sốt mỡ hành béo thơm.<br>Màu sắc: Vàng óng của cơm cháy, xanh nhẹ của hành, và nâu nhạt từ chà bông.<br>4. Hướng dẫn sử dụng<br>Ăn liền: Thưởng thức trực tiếp, không cần chế biến thêm.<br>Kết hợp: Có thể chấm kèm tương ớt, tương cà nếu thích vị đậm đà hơn.<br>Hâm nóng (tùy chọn): Hâm trong lò vi sóng hoặc lò nướng 1–2 phút để cơm cháy giòn hơn.<br>5. Bảo quản<br>Điều kiện:<br>Để nơi khô ráo, thoáng mát, tránh ánh nắng trực tiếp.<br>Sau khi mở bao bì, đậy kín để giữ độ giòn lâu.<br>Thời hạn sử dụng: Khoảng 30–45 ngày trong điều kiện bảo quản tốt.<br>6. Đối tượng sử dụng<br>Thích hợp với mọi lứa tuổi, từ trẻ em đến người lớn.<br>Lý tưởng để làm món ăn vặt, bữa phụ, hoặc làm quà biếu trong các dịp lễ tết.</p>', '<p>Cơm cháy nồi chà bông là một món ăn vặt nổi tiếng, được yêu thích bởi sự kết hợp giữa miếng cơm cháy giòn rụm và lớp chà bông (ruốc) mặn ngọt đậm đà. Đây là món ăn quen thuộc trong ẩm thực Việt Nam, thường xuất hiện trong các bữa ăn nhẹ, tiệc hoặc làm quà biếu.</p>', 1),
(24, 19, 'Cơm cháy ngũ vị', 'Com-chay-ngu-vi.jpg', 123, 150000, 120000, '2023-11-23 12:20:16', 0, '<p><br>1. Thành phần chính<br>Cơm cháy:<br>Làm từ gạo nếp hoặc gạo tẻ, được chiên hoặc sấy khô để đạt độ giòn rụm.<br>Gia vị ngũ vị:<br>Mặn: Muối tôm hoặc nước mắm đặc chế.<br>Ngọt: Đường hoặc mật ong, tạo vị ngọt nhẹ cân bằng.<br>Cay: Ớt bột hoặc sa tế, mang đến vị cay nồng.<br>Chua: Một chút giấm hoặc nước cốt me để tạo độ chua dịu nhẹ.<br>Thơm béo: Mỡ hành và tỏi phi, giúp tăng hương thơm và độ hấp dẫn.<br>Chà bông (tuỳ chọn): Có thể thêm chà bông heo, gà, hoặc cá để tăng độ đậm đà.<br>Topping khác (tùy biến): Mè rang, rong biển sấy, hoặc hạt điều.<br>2. Quy cách sản phẩm<br>Hình dáng:<br>Cơm cháy cắt thành miếng vuông, hình tròn, hoặc lát dài tùy theo nhu cầu.<br>Đóng gói:<br>Hút chân không hoặc trong hộp kín, giúp bảo quản giòn lâu.<br>Trọng lượng phổ biến: 200g – 500g.<br>3. Đặc điểm nổi bật<br>Hương vị:<br>Độc đáo với sự kết hợp hài hòa của ngũ vị: cay, mặn, ngọt, chua, và thơm béo.<br>Kết cấu:<br>Giòn rụm từ cơm cháy, kết hợp lớp sốt mềm và gia vị bám đều trên bề mặt.<br>Màu sắc: Sắc vàng giòn của cơm cháy, điểm thêm màu đỏ từ ớt, xanh của hành, và nâu nhẹ của mè hoặc chà bông.<br>4. Hướng dẫn sử dụng<br>Ăn liền: Sản phẩm đã được chế biến sẵn, có thể thưởng thức trực tiếp.<br>Kết hợp: Dùng kèm với tương ớt, tương cà, hoặc thêm topping tùy thích.<br>Hâm nóng (tuỳ chọn): Nướng hoặc hâm trong lò vi sóng để tăng độ giòn và hương thơm.<br>5. Bảo quản<br>Điều kiện:<br>Để nơi khô ráo, thoáng mát, tránh ánh nắng trực tiếp.<br>Sau khi mở gói, đậy kín để giữ độ giòn lâu.<br>Thời hạn sử dụng: 20–30 ngày nếu được bảo quản đúng cách.<br>6. Đối tượng sử dụng<br>Phù hợp với mọi lứa tuổi, đặc biệt là những người yêu thích món ăn vặt đậm đà, lạ miệng.<br>Là lựa chọn lý tưởng để làm quà biếu hoặc mang theo trong các chuyến du lịch, dã ngoại.</p><p>&nbsp;</p>', '<p>Cơm cháy ngũ vị là một biến tấu đặc biệt của món cơm cháy truyền thống, mang đến sự hòa quyện tinh tế từ năm loại hương vị: mặn, ngọt, chua, cay, và thơm béo. Món ăn này không chỉ hấp dẫn bởi hương vị đa dạng mà còn có màu sắc bắt mắt, thích hợp làm món ăn vặt, ăn nhẹ, hoặc quà tặng.<br>&nbsp;</p>', 1),
(25, 19, 'Cơm cháy mắm hành', 'Com-chay-man-hanh.png', 50, 200000, 160000, '2023-11-23 16:21:03', 3, '<p><strong>1. Thành phần chính</strong><br><strong>Cơm cháy:</strong><br><strong>Làm từ gạo tẻ hoặc gạo nếp, được ép thành miếng và chiên hoặc sấy giòn.</strong><br><strong>Miếng cơm có màu vàng ươm, giòn tan.</strong><br><strong>Sốt mắm hành:</strong><br><strong>Nước mắm: Được pha chế đặc biệt với đường, ớt, và tỏi, tạo vị mặn ngọt hài hòa.</strong><br><strong>Mỡ hành: Làm từ hành lá phi thơm, tăng độ béo ngậy.</strong><br><strong>Topping (tùy chọn):</strong><br><strong>Chà bông, ruốc khô, hoặc mè rang để tăng hương vị.</strong><br><strong>Ớt bột hoặc sa tế để tăng vị cay nhẹ.</strong><br><strong>2. Quy cách sản phẩm</strong><br><strong>Hình dáng:</strong><br><strong>Miếng cơm cháy hình tròn, vuông hoặc lát dài, dễ dàng cầm tay thưởng thức.</strong><br><strong>Đóng gói:</strong><br><strong>Hút chân không hoặc đựng trong hộp kín, đảm bảo vệ sinh và giữ độ giòn.</strong><br><strong>Trọng lượng phổ biến: 200g – 500g.</strong><br><strong>3. Đặc điểm nổi bật</strong><br><strong>Hương vị:</strong><br><strong>Mặn ngọt vừa phải từ nước mắm pha, thơm béo từ mỡ hành, và giòn rụm từ cơm cháy.</strong><br><strong>Kết cấu:</strong><br><strong>Cơm cháy giòn tan, sốt mắm hành thấm đều nhưng không làm mềm bánh.</strong><br><strong>Màu sắc: Màu vàng ươm của cơm cháy kết hợp xanh tươi của hành và nâu nhẹ của nước mắm.</strong><br><strong>4. Hướng dẫn sử dụng</strong><br><strong>Ăn liền: Thưởng thức trực tiếp để cảm nhận trọn vẹn hương vị.</strong><br><strong>Hâm nóng (tùy chọn): Nướng nhẹ hoặc hâm trong lò vi sóng để tăng độ giòn và mùi thơm.</strong><br><strong>Kết hợp: Có thể thêm topping như tương ớt, sa tế, hoặc chà bông để phong phú hương vị.</strong><br><strong>5. Bảo quản</strong><br><strong>Điều kiện:</strong><br><strong>Để nơi khô ráo, thoáng mát, tránh ánh nắng trực tiếp.</strong><br><strong>Sau khi mở gói, đậy kín để giữ độ giòn.</strong><br><strong>Thời hạn sử dụng: 15–20 ngày nếu bảo quản đúng cách.</strong><br><strong>6. Đối tượng sử dụng</strong><br><strong>Phù hợp với mọi lứa tuổi, đặc biệt là những người yêu thích món ăn vặt đậm đà.</strong><br><strong>Thích hợp làm món ăn nhẹ trong các bữa tiệc, buổi họp mặt, hoặc làm quà tặng.</strong></p>', '<p>Cơm cháy mắm hành là một món ăn vặt hấp dẫn với hương vị đậm đà từ nước mắm và thơm béo từ mỡ hành. Đây là sự kết hợp hoàn hảo giữa cơm cháy giòn rụm và sốt mắm hành đặc trưng, mang lại trải nghiệm vị giác khó quên.</p>', 1),
(26, 19, 'Cơm cháy khô gà', 'Com-chay-kho-ga.png', 50, 380000, 200000, '2023-11-23 16:23:55', 0, '<p>1. Thành phần chính<br>Cơm cháy:<br>Gạo nếp hoặc gạo tẻ được nấu chín, ép thành miếng và chiên giòn.<br>Cơm cháy có độ giòn vừa phải, không quá cứng, giữ được hương vị thơm ngậy.<br>Khô gà:<br>Thịt gà được xé nhỏ, ướp gia vị rồi sấy khô hoặc làm khô bằng phương pháp tự nhiên.<br>Khô gà có vị mặn, ngọt nhẹ, dai dai và thường có gia vị như tỏi, ớt, tiêu, và đường.<br>Gia vị:<br>Mỡ hành, tỏi phi, ớt bột, tiêu, và các gia vị đặc trưng khác tạo ra hương vị đậm đà.<br>2. Quy cách sản phẩm<br>Hình dáng:<br>Miếng cơm cháy thường được cắt thành miếng vuông, tròn, hoặc dạng lát dài, dễ cầm ăn.<br>Đóng gói:<br>Đóng gói trong túi hút chân không hoặc hộp kín, giúp giữ độ giòn lâu dài.<br>Trọng lượng phổ biến: 200g – 500g.<br>3. Đặc điểm nổi bật<br>Hương vị:<br>Cơm cháy giòn kết hợp với khô gà mềm dai, hòa quyện với gia vị thơm béo, cay nhẹ, tạo nên một hương vị đặc trưng rất ngon miệng.<br>Kết cấu:<br>Giòn rụm của cơm cháy kết hợp với độ dai và mềm của khô gà, cùng với gia vị đậm đà.<br>Màu sắc: Cơm cháy có màu vàng ươm, khô gà có màu vàng nâu tự nhiên, nhìn rất hấp dẫn.<br>4. Hướng dẫn sử dụng<br>Ăn liền:<br>Thưởng thức trực tiếp là cách đơn giản và nhanh chóng nhất để thưởng thức món cơm cháy khô gà.<br>Kết hợp:<br>Có thể thêm tương ớt hoặc sa tế nếu bạn muốn món ăn thêm phần cay nồng.<br>Một chút rau sống hoặc dưa leo có thể giúp món ăn thêm phần tươi mát và cân bằng hương vị.<br>Hâm nóng (tuỳ chọn):<br>Bạn có thể nướng nhẹ hoặc hâm cơm cháy để tăng độ giòn.<br>5. Bảo quản<br>Điều kiện:<br>Bảo quản ở nơi khô ráo, thoáng mát, tránh ánh nắng trực tiếp và độ ẩm cao.<br>Sau khi mở bao bì, cần đậy kín hoặc bảo quản trong hộp kín để giữ độ giòn của cơm cháy và độ tươi của khô gà.<br>Thời hạn sử dụng: Khoảng 20–30 ngày nếu bảo quản đúng cách.<br>6. Đối tượng sử dụng<br>Phù hợp với mọi lứa tuổi, đặc biệt là những người yêu thích món ăn vặt đậm đà, tiện lợi và dễ mang theo.<br>Thích hợp làm món ăn nhẹ, snack cho các buổi tụ tập, picnic, hoặc làm quà tặng trong các dịp lễ Tết.</p>', '<p>Cơm cháy khô gà là một món ăn vặt hấp dẫn và đậm đà, kết hợp giữa cơm cháy giòn rụm và khô gà tẩm gia vị thơm ngon. Đây là món ăn tiện lợi, dễ mang theo, rất phù hợp cho những bữa xế hoặc khi bạn cần một món ăn nhanh nhưng vẫn đầy đủ hương vị.</p>', 1),
(27, 19, 'Cơm cháy kho bò', 'Com-chay-kho-bo.png', 30, 250000, 180000, '2023-11-23 20:31:17', 0, '<p>1. Thành phần chính<br>Cơm cháy:<br>Gạo tẻ hoặc gạo nếp được nấu thành cơm, ép thành miếng và chiên giòn.<br>Cơm cháy có độ giòn vừa phải, màu vàng óng đẹp mắt.<br>Khô bò:<br>Thịt bò tươi được xé nhỏ, chế biến và ướp gia vị, sau đó sấy khô.<br>Khô bò có hương vị đậm đà, mềm dai và hơi ngọt.<br>Gia vị tẩm:<br>Tương ớt, sa tế, mỡ hành, tỏi phi, và chút gia vị như tiêu, đường, để tăng thêm độ đậm đà.<br>2. Quy cách sản phẩm<br>Hình dáng:<br>Miếng cơm cháy hình vuông, tròn, hoặc cắt lát tùy theo thương hiệu và cách chế biến.<br>Đóng gói:<br>Sản phẩm thường được đóng gói trong túi hút chân không hoặc hộp kín để giữ độ giòn và hương vị lâu dài.<br>Trọng lượng phổ biến: 200g – 500g.<br>3. Đặc điểm nổi bật<br>Hương vị:<br>Cơm cháy giòn kết hợp với khô bò dai, ngọt ngào và gia vị thơm lừng.<br>Vị mặn ngọt hài hòa của khô bò thấm vào từng miếng cơm cháy, tạo nên sự kết hợp tuyệt vời.<br>Kết cấu:<br>Miếng cơm cháy giòn rụm, khi ăn kết hợp với khô bò tạo sự cân bằng giữa giòn và dai.<br>Màu sắc: Cơm cháy có màu vàng ươm, khô bò có màu nâu đậm đặc trưng, kết hợp với các gia vị tạo nên món ăn bắt mắt.<br>4. Hướng dẫn sử dụng<br>Ăn liền:<br>Thưởng thức trực tiếp, không cần chế biến thêm.<br>Kết hợp:<br>Có thể ăn kèm với một ít tương ớt, sa tế để tăng vị cay nồng.<br>Thêm chút rau sống hoặc dưa leo để tạo sự tươi mát nếu muốn.<br>Hâm nóng (tùy chọn): Có thể nướng nhẹ cơm cháy để tăng độ giòn nếu bạn muốn món ăn nóng hổi.<br>5. Bảo quản<br>Điều kiện:<br>Bảo quản ở nơi khô ráo, thoáng mát, tránh ánh nắng trực tiếp và độ ẩm cao.<br>Sau khi mở bao bì, cần đậy kín hoặc bảo quản trong hộp kín để giữ độ giòn của cơm cháy và hương vị của khô bò.<br>Thời hạn sử dụng: Khoảng 20–30 ngày khi được bảo quản đúng cách.<br>6. Đối tượng sử dụng<br>Phù hợp với mọi lứa tuổi, đặc biệt là những ai yêu thích món ăn vặt đậm đà, giòn rụm.<br>Thích hợp làm món ăn vặt trong các dịp tụ tập bạn bè, đi picnic, hoặc làm quà tặng cho người thân, bạn bè.</p>', '<p>Cơm cháy khô bò là món ăn vặt phổ biến, mang hương vị đậm đà của cơm cháy kết hợp với thịt bò khô dai, ngọt, tạo nên một món ăn độc đáo và thơm ngon. Đây là lựa chọn lý tưởng cho những ai yêu thích sự kết hợp giữa giòn và dai, mặn ngọt vừa phải, rất phù hợp cho bữa xế hoặc ăn nhẹ.</p>', 1),
(28, 16, 'Bánh tráng dẻo cuốn hành phi', 'Banh-deo-hanh-phi.png', 500, 200000, 180000, '2023-11-29 20:36:43', 2, '<p>1. Thành phần chính<br>Bánh tráng dẻo:<br>Làm từ bột gạo pha thêm bột năng, được tráng mỏng và phơi khô tự nhiên.<br>Bánh có độ dẻo dai, không dễ rách khi cuốn.<br>Hành phi:<br>Hành tím được phi vàng giòn, thơm nức mũi, mang lại hương vị bùi béo.<br>Gia vị tẩm:<br>Muối tôm Tây Ninh: Đậm đà, cay nhẹ, là điểm nhấn của món ăn.<br>Mỡ hành: Tăng độ béo ngậy và hương thơm.<br>Ớt bột, tỏi phi (tùy biến).<br>2. Quy cách sản phẩm<br>Hình dạng: Bánh hình tròn, đường kính khoảng 20–25 cm.<br>Đóng gói:<br>Túi hoặc hộp kín, giữ bánh và gia vị riêng biệt để bảo quản tốt nhất.<br>Trọng lượng phổ biến: 250g – 500g.<br>3. Đặc điểm nổi bật<br>Hương vị:<br>Ngọt nhẹ từ bột gạo, thơm nồng từ hành phi, kết hợp vị cay mặn của muối tôm.<br>Kết cấu:<br>Bánh mềm dẻo, không giòn như bánh tráng thông thường.<br>Khi cuốn cùng hành phi và mỡ hành, tạo sự hài hòa giữa mềm, dai, và giòn.<br>Màu sắc: Màu trắng đục tự nhiên, kèm sắc vàng óng của hành phi.<br>4. Hướng dẫn sử dụng<br>Ăn liền:<br>Đặt hành phi và muối tôm lên bánh tráng.<br>Cuộn tròn lại và thưởng thức trực tiếp.<br>Kết hợp: Có thể thêm trứng cút luộc, chà bông, hoặc tôm khô để làm phong phú hương vị.<br>Hâm nóng (tùy chọn): Cuốn xong có thể nướng hoặc hơ nhẹ trên lửa để tăng mùi thơm.<br>5. Bảo quản<br>Điều kiện:<br>Để nơi thoáng mát, khô ráo, tránh ánh nắng trực tiếp.<br>Sau khi mở gói, bảo quản trong hộp kín để tránh bánh bị khô.<br>Thời hạn sử dụng: 15–20 ngày tùy vào điều kiện bảo quản.<br>6. Đối tượng sử dụng<br>Phù hợp với mọi đối tượng, đặc biệt là học sinh, sinh viên và những người yêu thích món ăn vặt dân dã.<br>Là lựa chọn lý tưởng để làm quà tặng hoặc mang theo trong các chuyến du lịch, dã ngoại.​21:39/-strong/-heart:&gt;:o:-((:-h Xem trước khi gửiThả Files vào đây để xem lại trước khi gửi</p>', '<p>Bánh tráng dẻo cuốn hành phi là một trong những đặc sản nổi bật của vùng đất Tây Ninh, nổi tiếng bởi độ dẻo thơm của bánh tráng và vị giòn, bùi từ hành phi. Đây là món ăn vặt được nhiều người yêu thích nhờ hương vị đậm đà và cách ăn thú vị.<br>&nbsp;</p>', 1),
(29, 16, 'Bánh tráng dẻo tôm', 'Banh-deo-tom.jpg', 30, 80000, 50000, '2023-12-02 20:54:53', 0, '<p>1. Thành phần chính<br>Bánh tráng: Loại bánh mỏng, làm từ bột gạo, có độ dẻo mềm đặc trưng.<br>Tôm khô: Xay nhuyễn hoặc giã nhỏ, là thành phần chính tạo nên hương vị độc đáo.<br>Gia vị:<br>Muối tôm, đường, ớt bột để tăng hương vị.<br>Một số biến thể có thêm hành phi, tỏi phi để làm bánh thêm thơm ngon.<br>Mỡ hành: Tăng độ béo ngậy, thường quét lên bề mặt bánh.<br>2. Quy cách sản phẩm<br>Hình dáng: Hình tròn hoặc cắt thành miếng nhỏ vừa ăn.<br>Đóng gói:<br>Túi hoặc hộp kín tiện dụng.<br>Trọng lượng phổ biến: 250g – 500g.<br>3. Đặc điểm nổi bật<br>Hương vị:<br>Đậm đà từ tôm khô.<br>Vị ngọt, mặn và cay hòa quyện, rất bắt vị.<br>Kết cấu:<br>Mềm dẻo từ bánh tráng, kết hợp với nhân tôm giòn nhẹ.<br>Bề mặt có màu cam nhạt hoặc vàng từ tôm và gia vị.<br>Hương thơm: Tỏa mùi thơm quyến rũ của tôm khô và mỡ hành.<br>4. Cách sử dụng<br>Ăn liền: Bóc ra và thưởng thức ngay, không cần chế biến thêm.<br>Hâm nóng (tùy chọn): Nướng hoặc hơ trên lửa nhỏ để bánh dẻo hơn, tăng thêm hương vị.<br>Chấm nước sốt: Có thể ăn kèm tương ớt, sa tế để tăng độ cay.<br>5. Bảo quản<br>Điều kiện:<br>Để nơi khô ráo, thoáng mát.<br>Tránh tiếp xúc trực tiếp với ánh nắng hoặc nơi ẩm ướt.<br>Thời hạn sử dụng: Khoảng 15–30 ngày tùy vào điều kiện bảo quản.<br>6. Đối tượng sử dụng<br>Phù hợp với mọi lứa tuổi, đặc biệt là học sinh, sinh viên, và dân văn phòng thích ăn vặt.<br>Lý tưởng cho các bữa tiệc nhỏ, các buổi tụ họp hoặc làm quà tặng bạn bè.​21:36/-strong/-heart:&gt;:o:-((:-h Xem trước khi gửiThả Files vào đây để xem lại trước khi gửi</p>', '<p>Bánh tráng dẻo tôm là một món ăn vặt hấp dẫn, nổi tiếng nhờ sự kết hợp hài hòa giữa bánh tráng dai mềm và lớp nhân tôm đậm đà. Đây là lựa chọn yêu thích của nhiều tín đồ ăn vặt bởi vị ngọt mặn đặc trưng và hương thơm hấp dẫn.</p>', 1),
(30, 16, 'Bánh tráng phơi sương', 'Banh-phoi-suong.jpg', 50, 120000, 102000, '2023-12-02 20:56:21', 1, '<p><i><strong>1. Thành phần chính</strong></i><br><i><strong>Bột gạo: Là nguyên liệu chính, được chọn lựa từ loại gạo dẻo ngon.</strong></i><br><i><strong>Muối: Dùng trong quá trình pha chế bột, tạo vị đậm đà nhẹ.</strong></i><br><i><strong>Nước: Dùng để pha loãng bột, đảm bảo bánh tráng có độ mịn và đều.</strong></i><br><i><strong>2. Quy trình chế biến độc đáo</strong></i><br><i><strong>Tráng bánh: Bột được pha loãng và tráng mỏng trên nồi hấp truyền thống.</strong></i><br><i><strong>Phơi nắng: Sau khi tráng, bánh được phơi dưới nắng để ráo.</strong></i><br><i><strong>Phơi sương: Bước cuối cùng, bánh được mang phơi ngoài trời vào ban đêm, hấp thụ hơi sương tự nhiên, giúp bánh mềm, dẻo mà không cần nhúng nước.</strong></i><br><i><strong>3. Quy cách sản phẩm</strong></i><br><i><strong>Kích thước: Hình tròn, đường kính từ 20–25 cm.</strong></i><br><i><strong>Đóng gói:</strong></i><br><i><strong>Gói nilon kín, thường từ 10–20 chiếc mỗi gói.</strong></i><br><i><strong>Một số sản phẩm đi kèm muối tôm hoặc gia vị chấm đặc trưng.</strong></i><br><i><strong>4. Đặc điểm nổi bật</strong></i><br><i><strong>Hương vị: Tự nhiên, không gắt, giữ nguyên mùi thơm của gạo.</strong></i><br><i><strong>Kết cấu: Mềm, dẻo, dễ cuốn nhưng không bị rách.</strong></i><br><i><strong>Cách sử dụng linh hoạt:</strong></i><br><i><strong>Không cần nhúng nước, bánh đã mềm sẵn, tiết kiệm thời gian chế biến.</strong></i><br><i><strong>5. Cách sử dụng</strong></i><br><i><strong>Làm món cuốn: Dùng bánh tráng phơi sương để cuốn thịt heo luộc, rau sống, và chấm cùng mắm nêm hoặc nước mắm chua ngọt.</strong></i><br><i><strong>Ăn vặt: Cuốn với các loại nhân như chả lụa, nem chua, hoặc đơn giản là chấm muối tôm Tây Ninh.</strong></i><br><i><strong>Kết hợp sáng tạo: Sử dụng như lớp vỏ để làm các món cuốn hiện đại hoặc chế biến thêm.</strong></i><br><i><strong>6. Bảo quản</strong></i><br><i><strong>Điều kiện:</strong></i><br><i><strong>Để nơi thoáng mát, khô ráo, tránh ẩm mốc.</strong></i><br><i><strong>Không phơi trực tiếp dưới nắng hoặc nơi quá nóng.</strong></i><br><i><strong>Thời hạn sử dụng: Tốt nhất trong 15–30 ngày tùy điều kiện bảo quản.</strong></i><br><i><strong>7. Đối tượng sử dụng</strong></i><br><i><strong>Thích hợp với mọi lứa tuổi, đặc biệt cho những ai yêu thích ẩm thực dân dã.</strong></i><br><i><strong>Là món quà đặc sản được ưa chuộng trong và ngoài nước.​21:35/-strong/-heart:&gt;:o:-((:-h Xem trước khi gửiThả Files vào đây để xem lại trước khi gửi</strong></i></p>', '<p>Bánh tráng phơi sương là đặc sản nổi tiếng của Trảng Bàng, Tây Ninh, mang hương vị đặc trưng và cách chế biến thủ công độc đáo. Đây là loại bánh tráng được làm mềm dẻo bằng cách phơi qua sương đêm, giữ được độ dai nhưng vẫn mềm mịn, phù hợp để cuốn hoặc ăn kèm với các món đặc sản khác.</p>', 1),
(31, 16, 'Bánh tráng sữa béo', 'Banh-sua-beo.jpg', 50, 180000, 126000, '2023-12-02 20:59:06', 1, '<p>1. Thành phần chính<br>Bột gạo: Thành phần chính tạo nên bánh tráng, được xay mịn và pha chế khéo léo.<br>Sữa đặc: Mang lại vị ngọt béo tự nhiên và hương thơm hấp dẫn.<br>Nước cốt dừa: Tăng thêm độ béo ngậy và mùi thơm đặc trưng của dừa.<br>Đường: Để tạo độ ngọt vừa phải, cân bằng hương vị.<br>Mè (vừng): Rắc lên bề mặt bánh, tạo thêm vị bùi và thơm.<br>2. Quy cách sản phẩm<br>Kích thước:<br>Hình dạng tròn hoặc hình chữ nhật.<br>Đường kính bánh tráng tròn phổ biến khoảng 20–25 cm.<br>Độ dày: Bánh mỏng, mềm, không giòn như bánh tráng thông thường.<br>Đóng gói:<br>Túi nylon trong suốt hoặc hộp giấy.<br>Khối lượng phổ biến: 250g, 500g.<br>3. Đặc điểm nổi bật<br>Hương vị: Ngọt béo, thơm nồng từ sữa và dừa, với một chút bùi bùi của mè rang.<br>Kết cấu:<br>Mềm, dai nhẹ, dễ xé và tan nhanh khi nhai.<br>Bề mặt bánh mịn, đều, phủ một lớp mè mỏng.<br>Màu sắc: Màu trắng đục tự nhiên, đôi khi có ánh vàng nhẹ từ nước cốt dừa.<br>4. Hướng dẫn sử dụng<br>Ăn liền: Không cần chế biến, chỉ cần mở bao bì và thưởng thức trực tiếp.<br>Kết hợp:<br>Có thể dùng kèm trà nóng để tăng trải nghiệm vị giác.<br>Là món quà lý tưởng cho bạn bè, người thân khi đi du lịch.<br>5. Bảo quản<br>Điều kiện: Nơi khô ráo, thoáng mát, tránh ánh nắng trực tiếp.<br>Thời hạn: Khoảng 7–15 ngày (với bánh không chất bảo quản).<br>6. Đối tượng sử dụng<br>Phù hợp cho mọi lứa tuổi, đặc biệt là trẻ em và những người thích đồ ngọt.<br>Được ưa chuộng trong các dịp lễ tết, họp mặt gia đình hoặc làm quà biếu.​21:33/-strong/-heart:&gt;:o:-((:-h Xem trước khi gửiThả Files vào đây để xem lại trước khi gửi</p>', '<p>Bánh tráng sữa béo là một loại bánh tráng đặc sản phổ biến, đặc biệt ở các vùng miền Tây Nam Bộ của Việt Nam. Đây là món ăn vặt vừa mềm dẻo, vừa béo ngậy với hương vị thơm ngon đặc trưng từ sữa và dừa.</p>', 1),
(32, 16, 'Bánh tráng rong biển', 'Banh-rong-bien.jpg', 50, 120000, 100000, '2023-12-02 21:00:48', 4, '<p>Bánh tráng: Được làm từ bột gạo chất lượng cao, đảm bảo độ dẻo dai và mềm.<br>Rong biển: Loại rong biển khô tươi ngon, thường là rong biển nori hoặc các loại rong biển mỏng khác, giàu dinh dưỡng.<br>Gia vị bổ sung:<br>Sa tế, muối tôm, hành phi, tỏi phi, hoặc bơ tùy loại.<br>Một số phiên bản còn có thêm topping như khô bò, khô gà, trứng cút, hoặc phô mai bào sợi.<br>Quy cách sản phẩm:</p><p>Kích thước: Bánh tráng thường cắt thành miếng vừa ăn, vuông hoặc chữ nhật, hoặc giữ nguyên tấm bánh lớn để gấp lại sau khi thêm topping.<br>Đóng gói:<br>Túi nhựa kín hoặc hộp nhựa tiện dụng.<br>Khối lượng phổ biến: 100g - 500g.<br>Đặc điểm nổi bật:</p><p>Vị giòn nhẹ (khi sấy hoặc nướng) hoặc dai mềm (khi thêm gia vị ướt).<br>Hương vị đậm đà từ sự kết hợp giữa bánh tráng truyền thống và mùi thơm đặc trưng của rong biển.<br>Dinh dưỡng cao: Rong biển giàu chất xơ, vitamin và khoáng chất, là món ăn vặt vừa ngon miệng vừa lành mạnh.<br>Hướng dẫn sử dụng:</p><p>Ăn liền: Phù hợp với bánh tráng được sấy hoặc nướng sẵn.<br>Chế biến: Với bánh tráng chưa tẩm gia vị, người dùng có thể tự thêm gia vị và trộn đều theo sở thích.<br>Bảo quản:</p><p>Để nơi khô ráo, thoáng mát, tránh ánh nắng trực tiếp.<br>Sau khi mở gói, nên bảo quản trong hộp kín để giữ độ giòn và tránh ẩm.<br>Đối tượng sử dụng:</p><p>Phù hợp với mọi độ tuổi, từ trẻ em đến người lớn. Đặc biệt hấp dẫn với học sinh, sinh viên, và những người yêu thích món ăn vặt.<br>Ứng dụng:</p><p>Ăn vặt trong các buổi gặp gỡ bạn bè, picnic, hoặc xem phim.<br>Là món quà tặng nhỏ xinh, đặc biệt là với khách du lịch muốn tìm hiểu ẩm thực Việt Nam.</p>', '<p>Bánh tráng rong biển là một món ăn vặt phổ biến ở Việt Nam và nhiều nơi khác, đặc biệt trong giới trẻ. Đây là sự kết hợp giữa bánh tráng truyền thống và rong biển, tạo ra hương vị độc đáo, lạ miệng.</p>', 1);
INSERT INTO `products` (`product_id`, `category_id`, `name`, `image`, `quantity`, `price`, `sale_price`, `create_date`, `views`, `details`, `short_description`, `status`) VALUES
(34, 4, 'Da cá hồi trứng muối', 'Da-ca-hoi.jpg', 60, 150000, 100000, '2024-11-30 15:02:32', 0, '<p>1. Thành phần chính<br>Da cá hồi:<br>Da cá hồi được lựa chọn kỹ lưỡng, thường là da từ những con cá hồi tươi ngon, giúp tạo ra lớp vỏ giòn tan khi chế biến. Da cá hồi là nguồn cung cấp collagen, omega-3 và các axit béo tốt cho sức khỏe.<br>Trứng muối:<br>Trứng muối được làm từ trứng vịt, có hương vị béo ngậy, mặn mà, rất thích hợp khi kết hợp với da cá hồi để tạo ra một món ăn vặt thú vị và hấp dẫn.<br>Gia vị:<br>Món ăn được tẩm ướp với gia vị như muối, tiêu, ớt, tỏi, hoặc một số gia vị khác để làm nổi bật hương vị của da cá hồi và trứng muối.<br>2. Quy cách sản phẩm<br>Hình dáng:<br>Da cá hồi trứng muối có dạng miếng nhỏ, giòn rụm, thường được cắt thành miếng vừa ăn, dễ dàng để thưởng thức. Trứng muối được phủ đều lên lớp da cá hồi, tạo ra một lớp bề mặt vàng óng ánh, hấp dẫn.<br>Đóng gói:<br>Da cá hồi trứng muối được đóng gói trong bao bì hút chân không hoặc túi zip, giúp bảo quản sản phẩm tốt hơn và giữ được độ giòn của da cá, cũng như hương vị tươi ngon của trứng muối.<br>Trọng lượng thông dụng: 100g, 200g, 500g mỗi gói.<br>3. Đặc điểm nổi bật<br>Hương vị giòn ngon, béo ngậy:<br>Da cá hồi giòn tan kết hợp với trứng muối béo ngậy tạo nên một món ăn có hương vị độc đáo, sự kết hợp hoàn hảo giữa độ giòn của da cá và sự béo ngậy của trứng muối.<br>Chứa nhiều dinh dưỡng:<br>Da cá hồi giàu collagen, giúp làm đẹp da và hỗ trợ sức khỏe xương khớp. Trứng muối cung cấp protein và các dưỡng chất cần thiết cho cơ thể.<br>Tiện lợi và dễ bảo quản:<br>Với bao bì hút chân không, sản phẩm dễ dàng bảo quản lâu dài mà không lo mất hương vị hay độ giòn của da cá hồi.<br>4. Hướng dẫn sử dụng<br>Ăn trực tiếp:<br>Da cá hồi trứng muối có thể ăn ngay sau khi mở bao bì, là món ăn vặt lý tưởng cho các bữa tiệc hoặc thưởng thức trong các buổi nhậu.<br>Chế biến thêm:<br>Bạn có thể chế biến món ăn này thành các món ăn khác như xào, trộn salad hoặc ăn kèm với cơm, bánh mì hoặc các món ăn nhẹ khác.<br>5. Bảo quản<br>Điều kiện bảo quản:<br>Da cá hồi trứng muối cần được bảo quản ở nơi khô ráo, thoáng mát và tránh ánh nắng trực tiếp để giữ được độ giòn và hương vị lâu dài.<br>Sau khi mở bao bì, bạn nên bảo quản sản phẩm trong hộp kín hoặc túi zip để duy trì độ giòn và hương vị tươi mới.<br>Thời hạn sử dụng:<br>Thời gian sử dụng của da cá hồi trứng muối thường từ 3 đến 6 tháng nếu bảo quản đúng cách.<br>6. Đối tượng sử dụng<br>Người yêu thích món ăn vặt giòn giòn:<br>Da cá hồi trứng muối rất thích hợp cho những ai yêu thích các món ăn giòn, đặc biệt là món ăn vặt có hương vị độc đáo và mới lạ.<br>Dành cho các bữa tiệc, nhậu nhẹt:<br>Món ăn này lý tưởng cho các dịp tụ họp, tiệc tùng, hoặc các buổi nhậu nhẹt, nhắm bia, rượu.<br>Lợi ích sức khỏe<br>Giàu collagen:<br>Da cá hồi là nguồn cung cấp collagen tự nhiên, giúp duy trì độ đàn hồi cho làn da và hỗ trợ sức khỏe khớp.<br>Omega-3 và axit béo lành mạnh:<br>Omega-3 trong cá hồi giúp cải thiện sức khỏe tim mạch và giảm viêm, trong khi axit béo lành mạnh từ trứng muối có thể hỗ trợ hệ thống miễn dịch.<br>Cung cấp protein và dưỡng chất:<br>Trứng muối và cá hồi là nguồn cung cấp protein chất lượng cao và các vitamin, khoáng chất cần thiết cho cơ thể.</p>', '<p>Da Cá Hồi Trứng Muối là một món ăn vặt đặc biệt, kết hợp giữa da cá hồi giòn rụm và trứng muối béo ngậy, tạo nên một hương vị độc đáo, thơm ngon. Món ăn này đang ngày càng trở nên phổ biến trong cộng đồng yêu thích ẩm thực, đặc biệt là những người yêu thích món ăn nhẹ, giàu protein và có sự kết hợp hài hòa giữa hải sản và trứng muối.</p>', 1),
(35, 4, 'Ghẹ sữa rim', 'Ghe-sua.jpg', 100, 170000, 110000, '2024-11-30 15:03:51', 0, '<p>1. Thành phần chính<br>Da cá hồi:<br>Da cá hồi được lựa chọn kỹ lưỡng, thường là da từ những con cá hồi tươi ngon, giúp tạo ra lớp vỏ giòn tan khi chế biến. Da cá hồi là nguồn cung cấp collagen, omega-3 và các axit béo tốt cho sức khỏe.<br>Trứng muối:<br>Trứng muối được làm từ trứng vịt, có hương vị béo ngậy, mặn mà, rất thích hợp khi kết hợp với da cá hồi để tạo ra một món ăn vặt thú vị và hấp dẫn.<br>Gia vị:<br>Món ăn được tẩm ướp với gia vị như muối, tiêu, ớt, tỏi, hoặc một số gia vị khác để làm nổi bật hương vị của da cá hồi và trứng muối.<br>2. Quy cách sản phẩm<br>Hình dáng:<br>Da cá hồi trứng muối có dạng miếng nhỏ, giòn rụm, thường được cắt thành miếng vừa ăn, dễ dàng để thưởng thức. Trứng muối được phủ đều lên lớp da cá hồi, tạo ra một lớp bề mặt vàng óng ánh, hấp dẫn.<br>Đóng gói:<br>Da cá hồi trứng muối được đóng gói trong bao bì hút chân không hoặc túi zip, giúp bảo quản sản phẩm tốt hơn và giữ được độ giòn của da cá, cũng như hương vị tươi ngon của trứng muối.<br>Trọng lượng thông dụng: 100g, 200g, 500g mỗi gói.<br>3. Đặc điểm nổi bật<br>Hương vị giòn ngon, béo ngậy:<br>Da cá hồi giòn tan kết hợp với trứng muối béo ngậy tạo nên một món ăn có hương vị độc đáo, sự kết hợp hoàn hảo giữa độ giòn của da cá và sự béo ngậy của trứng muối.<br>Chứa nhiều dinh dưỡng:<br>Da cá hồi giàu collagen, giúp làm đẹp da và hỗ trợ sức khỏe xương khớp. Trứng muối cung cấp protein và các dưỡng chất cần thiết cho cơ thể.<br>Tiện lợi và dễ bảo quản:<br>Với bao bì hút chân không, sản phẩm dễ dàng bảo quản lâu dài mà không lo mất hương vị hay độ giòn của da cá hồi.<br>4. Hướng dẫn sử dụng<br>Ăn trực tiếp:<br>Da cá hồi trứng muối có thể ăn ngay sau khi mở bao bì, là món ăn vặt lý tưởng cho các bữa tiệc hoặc thưởng thức trong các buổi nhậu.<br>Chế biến thêm:<br>Bạn có thể chế biến món ăn này thành các món ăn khác như xào, trộn salad hoặc ăn kèm với cơm, bánh mì hoặc các món ăn nhẹ khác.<br>5. Bảo quản<br>Điều kiện bảo quản:<br>Da cá hồi trứng muối cần được bảo quản ở nơi khô ráo, thoáng mát và tránh ánh nắng trực tiếp để giữ được độ giòn và hương vị lâu dài.<br>Sau khi mở bao bì, bạn nên bảo quản sản phẩm trong hộp kín hoặc túi zip để duy trì độ giòn và hương vị tươi mới.<br>Thời hạn sử dụng:<br>Thời gian sử dụng của da cá hồi trứng muối thường từ 3 đến 6 tháng nếu bảo quản đúng cách.<br>6. Đối tượng sử dụng<br>Người yêu thích món ăn vặt giòn giòn:<br>Da cá hồi trứng muối rất thích hợp cho những ai yêu thích các món ăn giòn, đặc biệt là món ăn vặt có hương vị độc đáo và mới lạ.<br>Dành cho các bữa tiệc, nhậu nhẹt:<br>Món ăn này lý tưởng cho các dịp tụ họp, tiệc tùng, hoặc các buổi nhậu nhẹt, nhắm bia, rượu.<br>Lợi ích sức khỏe<br>Giàu collagen:<br>Da cá hồi là nguồn cung cấp collagen tự nhiên, giúp duy trì độ đàn hồi cho làn da và hỗ trợ sức khỏe khớp.<br>Omega-3 và axit béo lành mạnh:<br>Omega-3 trong cá hồi giúp cải thiện sức khỏe tim mạch và giảm viêm, trong khi axit béo lành mạnh từ trứng muối có thể hỗ trợ hệ thống miễn dịch.<br>Cung cấp protein và dưỡng chất:<br>Trứng muối và cá hồi là nguồn cung cấp protein chất lượng cao và các vitamin, khoáng chất cần thiết cho cơ thể.</p>', '<p>Da Cá Hồi Trứng Muối là một món ăn vặt đặc biệt, kết hợp giữa da cá hồi giòn rụm và trứng muối béo ngậy, tạo nên một hương vị độc đáo, thơm ngon. Món ăn này đang ngày càng trở nên phổ biến trong cộng đồng yêu thích ẩm thực, đặc biệt là những người yêu thích món ăn nhẹ, giàu protein và có sự kết hợp hài hòa giữa hải sản và trứng muối.</p><p>&nbsp;</p>', 1),
(36, 4, 'Khô cá chỉ vàng rim ớt', 'Kho-ca.jpg', 150, 150000, 99000, '2024-11-30 15:05:17', 0, '<p>1. Thành phần chính<br>Cá chỉ vàng:<br>Cá chỉ vàng được chọn lọc kỹ lưỡng từ những con cá tươi ngon, có thịt mềm và ít xương. Sau khi sơ chế, cá được phơi khô để giữ lại hương vị nguyên bản và dễ bảo quản.<br>Tỏi và ớt:<br>Tỏi được xay nhuyễn và tẩm ướp cùng ớt tươi, tạo ra một lớp gia vị thơm nồng và cay nồng, giúp cá chỉ vàng rim có hương vị đặc trưng, vừa cay vừa mặn mà.<br>Gia vị:<br>Cá chỉ vàng rim còn được tẩm ướp với các gia vị như nước mắm, đường, tiêu để tạo nên hương vị đậm đà, dễ ăn, đồng thời làm nổi bật hương thơm của tỏi và ớt.<br>2. Quy cách sản phẩm<br>Hình dáng:<br>Cá chỉ vàng rim tỏi ớt có dạng miếng nhỏ, dễ ăn, với lớp ngoài giòn tan, bên trong giữ được độ mềm và ngọt tự nhiên của cá. Hương thơm từ tỏi ớt tỏa ra rất quyến rũ và làm món ăn thêm phần hấp dẫn.<br>Đóng gói:<br>Sản phẩm thường được đóng gói trong bao bì hút chân không hoặc túi zip để bảo quản độ giòn và hương vị lâu dài.<br>Trọng lượng thông dụng: 100g, 200g, 500g mỗi gói.<br>3. Đặc điểm nổi bật<br>Hương vị đậm đà, cay nồng:<br>Khô cá chỉ vàng rim tỏi ớt có vị cay nồng từ ớt, thơm từ tỏi và độ mặn mà từ gia vị, kết hợp với vị ngọt tự nhiên của cá, tạo nên một món ăn vặt vô cùng hấp dẫn.<br>Độ giòn và dai:<br>Cá chỉ vàng sau khi rim có độ giòn vừa phải, không quá cứng, vừa ăn và dễ nhai.<br>Tiện lợi và dễ bảo quản:<br>Với bao bì hút chân không, sản phẩm có thể bảo quản lâu dài mà không mất đi độ giòn hay hương vị đặc trưng.<br>4. Hướng dẫn sử dụng<br>Ăn trực tiếp:<br>Món khô cá chỉ vàng rim tỏi ớt có thể ăn ngay sau khi mở bao bì, là món ăn vặt lý tưởng trong các buổi tiệc hoặc thưởng thức trong các bữa ăn nhẹ.<br>Kết hợp với cơm:<br>Khô cá chỉ vàng rim tỏi ớt có thể ăn kèm với cơm trắng, giúp tạo ra một món ăn hoàn chỉnh với hương vị đậm đà và cay nồng.<br>Món nhắm cho tiệc:<br>Đây là món nhắm tuyệt vời cho các dịp tụ họp bạn bè hoặc nhậu nhẹt, giúp tăng phần hấp dẫn cho bữa tiệc.<br>5. Bảo quản<br>Điều kiện bảo quản:<br>Khô cá chỉ vàng rim tỏi ớt cần được bảo quản ở nơi khô ráo, thoáng mát và tránh ánh nắng trực tiếp.<br>Sau khi mở bao bì, bạn nên bảo quản sản phẩm trong hộp kín hoặc túi zip để duy trì độ giòn và giữ hương vị tươi mới.<br>Thời hạn sử dụng:<br>Thời gian sử dụng của sản phẩm có thể lên đến 6 tháng nếu bảo quản đúng cách.<br>6. Đối tượng sử dụng<br>Người yêu thích món ăn cay:<br>Khô cá chỉ vàng rim tỏi ớt là món ăn lý tưởng cho những người yêu thích vị cay, đậm đà, đặc biệt là những tín đồ của các món ăn cay.<br>Dành cho các bữa tiệc và nhậu nhẹt:<br>Món ăn này thích hợp cho những buổi tiệc, nhậu nhẹt, hoặc là món ăn vặt hấp dẫn trong các buổi tụ họp bạn bè.</p>', '<p>Khô Cá Chỉ Vàng Rim Tỏi Ớt là một món ăn vặt cực kỳ hấp dẫn với hương vị đậm đà từ cá chỉ vàng kết hợp với tỏi và ớt cay nồng. Món ăn này mang đậm nét đặc trưng của ẩm thực Việt Nam, với sự kết hợp hoàn hảo giữa vị mặn của cá chỉ vàng và vị cay, thơm của tỏi ớt. Sản phẩm rất thích hợp cho những ai yêu thích các món ăn mặn, cay và dễ dàng trở thành món nhắm trong các buổi tiệc hoặc nhậu nhẹt.</p><p>&nbsp;</p>', 1),
(37, 4, 'Lạp xưởng tôm', 'Lap-xuong-tom.jpg', 100, 135000, 90000, '2024-11-30 15:06:55', 0, '<p>1. Thành phần chính Tôm: Tôm tươi ngon, được lựa chọn kỹ càng, thường là loại tôm sú hoặc tôm biển, mang lại hương vị ngọt tự nhiên và chất lượng cao. Tôm được xay nhuyễn và trộn cùng các nguyên liệu để tạo thành nhân lạp xưởng. Gia vị: Lạp xưởng tôm được tẩm ướp với các gia vị như tiêu, tỏi, ớt, muối, nước mắm và đường, giúp tạo ra hương vị đậm đà, cay nhẹ và hơi ngọt. Màng lạp xưởng: Lạp xưởng tôm thường được bọc trong vỏ tự nhiên hoặc vỏ nhân tạo, giúp giữ chặt nhân bên trong, đồng thời tạo hình dạng đẹp mắt cho sản phẩm.&nbsp;</p><p>2. Quy cách sản phẩm Hình dáng: Lạp xưởng tôm có dạng hình trụ dài, với bề ngoài bóng mượt, đẹp mắt. Khi cắt ra, bạn sẽ thấy phần nhân tôm tươi ngon, màu sắc bắt mắt và có thể nhìn thấy được các miếng tôm nhỏ xíu bên trong. Đóng gói: Lạp xưởng tôm được đóng gói trong bao bì kín hoặc túi hút chân không để bảo quản độ tươi ngon, giúp sản phẩm không bị khô và giữ nguyên hương vị. Trọng lượng thông dụng: 200g, 500g, hoặc theo yêu cầu.&nbsp;</p><p>3. Đặc điểm nổi bật Hương vị ngọt tự nhiên của tôm: Lạp xưởng tôm có vị ngọt thanh từ tôm tươi kết hợp với gia vị đậm đà, cay nhẹ. Mỗi miếng lạp xưởng mang lại cảm giác tươi mới và thơm ngon. Độ dai và giòn của vỏ: Vỏ lạp xưởng có độ giòn vừa phải, khi cắn vào sẽ có cảm giác dai dai và ngon miệng. Thích hợp để chế biến đa dạng: Lạp xưởng tôm có thể ăn trực tiếp, chiên, nướng, hoặc chế biến thành các món ăn khác, rất đa dạng và phù hợp với nhiều khẩu vị.&nbsp;</p><p>4. Hướng dẫn sử dụng Ăn trực tiếp: Lạp xưởng tôm có thể ăn ngay sau khi mở bao bì, là món ăn vặt hoặc nhắm trong các bữa tiệc. Chiên hoặc nướng: Bạn có thể chiên hoặc nướng lạp xưởng tôm để tăng thêm hương vị và độ giòn, ăn kèm với cơm hoặc làm món nhắm cho các buổi tụ họp. Kết hợp với các món ăn khác:</p><p>Lạp xưởng tôm có thể được dùng trong các món xào, bún, cơm chiên hoặc nấu với các loại rau củ để tăng thêm hương vị.&nbsp;</p><p>5. Bảo quản Điều kiện bảo quản: Lạp xưởng tôm cần được bảo quản ở nơi khô ráo, thoáng mát và tránh ánh nắng trực tiếp để giữ được độ tươi ngon và hương vị lâu dài. Sau khi mở bao bì, bạn có thể bảo quản trong hộp kín hoặc túi zip để đảm bảo độ tươi ngon và tránh mất mùi. Thời hạn sử dụng: Thời gian sử dụng của lạp xưởng tôm thường từ 3 đến 6 tháng nếu bảo quản đúng cách. 6. Đối tượng sử dụng Người yêu thích món ăn mặn: Lạp xưởng tôm rất phù hợp cho những ai yêu thích món ăn mặn, đặc biệt là các món có vị ngọt thanh tự nhiên từ hải sản. Dành cho các bữa tiệc, nhậu nhẹt: Đây là món ăn lý tưởng trong các dịp tụ họp bạn bè, nhậu nhẹt, hoặc các bữa tiệc gia đình, vì dễ dàng chế biến và mang lại hương vị hấp dẫn.</p>', '<p>Lạp Xưởng Tôm là món ăn đặc sản với sự kết hợp giữa tôm tươi ngon và gia vị đặc trưng, tạo nên một món ăn hấp dẫn, thơm ngon. Đây là lựa chọn tuyệt vời cho những ai yêu thích món ăn mặn, có hương vị đặc biệt từ tôm. Lạp xưởng tôm được chế biến từ những nguyên liệu tự nhiên, không chỉ ngon mà còn giàu dinh dưỡng, rất thích hợp để thưởng thức trong các bữa ăn gia đình hoặc các dịp tụ họp, tiệc tùng.&nbsp;</p>', 1),
(38, 2, 'Khô bò viên cao cấp', 'bo-kho-vien-cao-cap.jpg', 200, 150000, 100000, '2024-11-30 15:08:04', 0, '<p>1. Thành phần chính<br>Thịt bò:<br>Bò khô viên cao cấp được làm từ thịt bò tươi ngon, lựa chọn các phần thịt thăn, bắp bò hoặc các phần có chất lượng cao, đảm bảo độ mềm mại và ngọt tự nhiên.<br>Gia vị đặc biệt:<br>Món bò khô này được tẩm ướp với các gia vị như tiêu, tỏi, ớt, nước mắm và các loại gia vị khác để tạo ra hương vị đậm đà và cay nồng.<br>Các nguyên liệu tự nhiên:<br>Ngoài gia vị, còn có thêm các thành phần tự nhiên khác như mật ong, đường, hoặc nước cốt dừa, giúp tăng thêm vị ngọt thanh và sự hòa quyện tuyệt vời cho món bò khô.<br>2. Quy cách sản phẩm<br>Hình dáng:<br>Khác với các loại bò khô thông thường, bò khô viên cao cấp được chế biến thành những viên nhỏ, đều đặn, dễ ăn, mang lại sự tiện lợi cho người thưởng thức.<br>Đóng gói:<br>Bò khô viên cao cấp thường được đóng gói trong bao bì hút chân không hoặc túi zip, giúp bảo quản được lâu dài và giữ được độ tươi ngon, giòn của sản phẩm.<br>Trọng lượng thông dụng: 100g, 200g, 500g mỗi gói.<br>3. Đặc điểm nổi bật<br>Hương vị đậm đà, cay nồng:<br>Bò khô viên cao cấp có hương vị đậm đà và cay nồng, từ sự kết hợp của các gia vị như tiêu, ớt, tỏi. Món ăn mang lại cảm giác thích thú, dễ gây nghiện.<br>Độ giòn và mềm mại:<br>Bò khô viên có độ giòn nhẹ bên ngoài, nhưng bên trong vẫn giữ được sự mềm mại, ngọt ngào của thịt bò, tạo cảm giác mới lạ và thú vị khi thưởng thức.<br>Tiện lợi và dễ ăn:<br>Viên bò khô nhỏ gọn và tiện lợi, bạn có thể mang theo và ăn mọi lúc mọi nơi mà không cần phải lo lắng về việc xé nhỏ hay cắt lát.<br>4. Hướng dẫn sử dụng<br>Ăn trực tiếp:<br>Bò khô viên cao cấp có thể ăn ngay sau khi mở bao bì, là món ăn vặt lý tưởng cho những dịp tụ họp bạn bè, nhậu nhẹt hoặc trong các bữa ăn nhẹ.<br>Kết hợp với các món ăn khác:<br>Bạn có thể kết hợp bò khô viên với cơm, bánh mì, hoặc các món ăn nhẹ khác để tạo thêm hương vị mới lạ và hấp dẫn.<br>5. Bảo quản<br>Điều kiện bảo quản:<br>Bò khô viên cao cấp cần được bảo quản ở nơi khô ráo, thoáng mát, tránh ánh nắng trực tiếp để giữ được hương vị lâu dài.<br>Sau khi mở bao bì, bạn nên bảo quản trong hộp kín hoặc túi zip để tránh mất độ giòn và hương vị của sản phẩm.<br>Thời hạn sử dụng:<br>Thời gian sử dụng của bò khô viên cao cấp thường từ 6 tháng đến 1 năm nếu bảo quản đúng cách.<br>6. Đối tượng sử dụng<br>Người yêu thích món ăn vặt cao cấp:<br>Đây là lựa chọn lý tưởng cho những ai yêu thích các món ăn vặt hạng sang, với hương vị đậm đà và chất lượng cao.<br>Dành cho các bữa tiệc, nhậu nhẹt:<br>Bò khô viên cao cấp rất phù hợp cho các bữa tiệc, gặp mặt bạn bè, hoặc nhắm cùng đồ uống như bia, rượu.</p>', '<p>Bò Khô Viên Cao Cấp là một món ăn vặt hạng sang, được chế biến từ thịt bò chất lượng cao, tẩm ướp gia vị đặc biệt và được chế biến thành những viên bò khô nhỏ gọn, dễ ăn. Với hương vị đậm đà và sự kết hợp hoàn hảo giữa thịt bò, gia vị và các nguyên liệu tự nhiên, bò khô viên cao cấp không chỉ là món ăn vặt mà còn là một món nhắm tuyệt vời cho các buổi tiệc, nhậu nhẹt hay thưởng thức hàng ngày.</p><p>&nbsp;</p>', 1),
(39, 2, 'Khô bò xé cay', 'bo-kho-xe-tay.jpg', 200, 130000, 99000, '2024-11-30 15:09:48', 1, '<p>1. Thành phần chính Thịt bò: Thành phần chính của món bò khô xé cay là thịt bò tươi ngon, thường chọn phần thịt bắp hoặc thăn bò, cắt thành những miếng vừa phải để chế biến. Gia vị cay: Bò khô xé cay được tẩm ướp với gia vị cay nồng như ớt, tiêu, và các gia vị đặc trưng khác như tỏi, hành, và ngũ vị hương, mang lại một hương vị đặc trưng vừa cay vừa đậm đà. Nước mắm, đường: Để tạo độ mặn ngọt hài hòa, nước mắm và đường được sử dụng trong quá trình tẩm ướp, giúp món ăn thêm phần hấp dẫn.&nbsp;</p><p>2. Quy cách sản phẩm Hình dáng: Bò khô xé cay thường được xé thành từng sợi nhỏ, dễ ăn, với màu đỏ đẹp mắt do quá trình tẩm ướp gia vị. Đóng gói: Bò khô xé cay thường được đóng gói trong túi kín hoặc bao bì hút chân không, bảo quản được lâu và giữ được độ tươi ngon. Trọng lượng thông dụng: 100g, 200g, 500g mỗi gói.&nbsp;</p><p>3. Đặc điểm nổi bật Vị cay nồng đặc trưng: Sự kết hợp của các gia vị cay như ớt và tiêu tạo ra một hương vị cay nồng, rất phù hợp với những người yêu thích các món ăn có gia vị mạnh. Độ dai vừa phải: Bò khô xé cay có độ dai vừa phải, giúp người ăn cảm nhận được sự kết hợp giữa sự mềm mại và độ giòn của thịt bò. Hương vị đậm đà: Gia vị tẩm ướp hòa quyện hoàn hảo, mang lại một hương vị đậm đà, cay ngọt vừa phải, dễ dàng gây nghiện.&nbsp;</p><p>4. Hướng dẫn sử dụng Ăn trực tiếp: Bò khô xé cay có thể ăn ngay sau khi mở bao bì, là món ăn vặt lý tưởng để thưởng thức mọi lúc mọi nơi. Kết hợp với các món ăn khác: Bạn có thể kết hợp bò khô xé cay với bánh mì, cơm trắng hoặc các món ăn như xôi, bún để tạo thành một bữa ăn phong phú hơn.&nbsp;</p><p>5. Bảo quản Điều kiện bảo quản: Bò khô xé cay cần được bảo quản ở nơi khô ráo, thoáng mát và tránh ánh nắng trực tiếp để giữ được hương vị lâu dài. Sau khi mở bao bì, nên bảo quản trong hộp kín hoặc túi zip để tránh bị mất độ giòn và hương vị cay đặc trưng. Thời hạn sử dụng:</p><p>Thời gian sử dụng của bò khô xé cay thông thường từ 6 tháng đến 1 năm, tùy vào điều kiện bảo quản.&nbsp;</p><p>6. Đối tượng sử dụng Người yêu thích món ăn cay: Món bò khô xé cay là lựa chọn tuyệt vời cho những ai yêu thích các món ăn cay nồng, đậm đà gia vị. Dành cho các bữa tiệc, nhậu nhẹt: Đây là món ăn rất phù hợp cho những dịp tụ họp, nhậu nhẹt, giúp gia tăng không khí vui vẻ và thú vị trong bữa tiệc.</p>', '<p>Bò Khô Xé Cay là một món ăn vặt nổi tiếng, với hương vị đậm đà, cay nồng, và độ dai của thịt bò xé sợi. Món ăn này rất được yêu thích bởi những tín đồ yêu thích các món ăn cay và đậm đà gia vị. Bò khô xé cay không chỉ là món ăn vặt lý tưởng mà còn là món nhắm tuyệt vời cho những bữa tiệc hay các buổi tụ họp bạn bè.&nbsp;</p>', 1),
(40, 2, 'Khô bò bơ tỏi', 'kho-ga-bo-toi.jpg', 153, 165000, 105000, '2024-11-30 15:10:51', 0, '<p>1. Thành phần chính<br>Thịt gà:<br>Thịt gà tươi, chọn phần ức hoặc đùi gà, được chế biến và tẩm ướp gia vị kỹ lưỡng để mang lại sự ngon miệng khi thưởng thức.<br>Bơ:<br>Bơ là thành phần không thể thiếu, tạo nên hương vị béo ngậy, thơm mùi sữa đặc trưng, giúp khô gà bơ tỏi thêm phần hấp dẫn.<br>Tỏi:<br>Tỏi tươi được sử dụng để xào hoặc tẩm ướp, tạo nên hương thơm mạnh mẽ, làm tăng độ ngon của món khô gà.<br>Gia vị:<br>Các gia vị như tiêu, muối, đường, nước mắm được thêm vào để tạo ra một sự kết hợp hoàn hảo, làm món khô gà thêm đậm đà và thơm ngon.<br>2. Quy cách sản phẩm<br>Hình dáng:<br>Thịt gà sau khi được chế biến có thể được xé sợi hoặc cắt thành miếng vừa ăn, giúp người dùng dễ dàng thưởng thức.<br>Đóng gói:<br>Khô gà bơ tỏi được đóng gói kín trong túi nhựa hoặc bao bì hút chân không để bảo quản và giữ được độ tươi ngon, giòn của sản phẩm.<br>Trọng lượng thông dụng: 100g, 200g, 500g.<br>3. Đặc điểm nổi bật<br>Hương vị thơm ngon:<br>Sự kết hợp hoàn hảo giữa bơ béo ngậy và tỏi thơm tạo nên một món ăn vô cùng hấp dẫn. Mùi thơm của tỏi quyện với bơ làm tăng sự hấp dẫn của từng sợi thịt gà.<br>Độ giòn dai đặc trưng:<br>Khô gà bơ tỏi có độ giòn vừa phải, kết hợp với sự dai ngọt của thịt gà, tạo cảm giác thích thú khi ăn.<br>Món ăn tiện lợi:<br>Khô gà bơ tỏi là món ăn vặt lý tưởng trong các bữa tiệc, đặc biệt là khi bạn muốn một món ăn dễ ăn, dễ bảo quản mà vẫn thơm ngon.<br>4. Hướng dẫn sử dụng<br>Ăn trực tiếp:<br>Khô gà bơ tỏi có thể ăn ngay sau khi mở bao bì, là món ăn vặt hoàn hảo để nhâm nhi cùng bạn bè hoặc trong các dịp tụ họp.<br>Kết hợp với các món khác:<br>Bạn có thể dùng khô gà bơ tỏi như một món ăn kèm trong các bữa cơm, hoặc kết hợp với bánh mì, xôi, bún để tạo ra những món ăn phong phú hơn.<br>5. Bảo quản<br>Điều kiện bảo quản:<br>Khô gà bơ tỏi cần được bảo quản ở nơi khô ráo, thoáng mát và tránh ánh nắng trực tiếp để giữ được hương vị lâu dài.<br>Sau khi mở bao bì, nên bảo quản trong hộp kín hoặc túi zip để tránh bánh bị mềm, giữ được độ giòn và hương vị thơm ngon.<br>Thời hạn sử dụng:<br>Khô gà bơ tỏi có thể bảo quản trong vòng 3 đến 6 tháng nếu giữ trong điều kiện tốt, tránh độ ẩm.<br>6. Đối tượng sử dụng<br>Người yêu thích món ăn vặt:<br>Khô gà bơ tỏi là lựa chọn lý tưởng cho những ai yêu thích các món ăn vặt đậm đà hương vị, dễ ăn và có thể thưởng thức bất cứ lúc nào.<br>Dành cho các bữa tiệc, nhậu nhẹt:<br>Đây là món ăn rất phù hợp với các dịp tiệc tùng, nhậu nhẹt, giúp gia tăng sự thú vị trong buổi gặp mặt bạn bè.</p>', '<p>Khô Gà Bơ Tỏi là một món ăn vặt rất được yêu thích, đặc biệt là trong các bữa tiệc hoặc những dịp tụ họp. Được chế biến từ thịt gà tươi ngon, kết hợp với hương vị bơ và tỏi thơm lừng, món khô gà này không chỉ hấp dẫn bởi vị ngon mà còn vì sự giòn dai đặc trưng. Đây là một món ăn có thể dễ dàng thưởng thức trực tiếp hoặc kết hợp với các món ăn khác.</p><p>&nbsp;</p>', 1),
(41, 2, 'Khô gà lá chanh', 'Kho-ga-la-chanh.jpg', 121, 125000, 100000, '2024-11-30 15:12:07', 7, '<p>1. Thành phần chính<br>Thịt gà:<br>Thịt gà được chọn lọc kỹ càng, thường là phần thịt ức gà hoặc đùi gà, thái mỏng và tẩm ướp gia vị để tạo độ ngọt tự nhiên và mềm mại cho sản phẩm.<br>Lá chanh:<br>Lá chanh tươi được xé nhỏ và kết hợp vào trong quá trình tẩm ướp, giúp tạo ra hương thơm dễ chịu và đặc trưng cho món khô gà.<br>Gia vị:<br>Khô gà lá chanh được tẩm ướp với các gia vị như tỏi, ớt, tiêu, đường, nước mắm, và các loại gia vị đặc trưng khác để mang lại hương vị đậm đà, cay nồng và thơm ngon.<br>2. Quy cách sản phẩm<br>Hình dáng:<br>Khô gà lá chanh có dạng sợi dài, mỏng, dễ ăn và không bị bở hay khô quá. Việc sử dụng lá chanh giúp tạo màu sắc đẹp mắt và tăng thêm hương vị đặc trưng.<br>Đóng gói:<br>Khô gà lá chanh được đóng gói trong túi zip hoặc bao bì hút chân không, giúp bảo quản sản phẩm tốt hơn và giữ được độ tươi, giòn trong thời gian dài.<br>Trọng lượng thông dụng: 100g, 200g, 500g mỗi gói.<br>3. Đặc điểm nổi bật<br>Hương vị đặc trưng:<br>Món khô gà lá chanh có hương thơm dễ chịu từ lá chanh kết hợp với gia vị đậm đà, cay nhẹ của tiêu và ớt. Món ăn này dễ dàng chinh phục những tín đồ yêu thích đồ ăn mặn và cay.<br>Độ giòn và dai:<br>Khô gà có độ giòn vừa phải, không quá khô, khi ăn có cảm giác dai nhẹ, ngọt tự nhiên của thịt gà kết hợp với hương thơm của lá chanh.<br>Tiện lợi và dễ bảo quản:<br>Túi zip hút chân không giúp bảo quản lâu dài mà không cần thêm các chất bảo quản, giúp bạn dễ dàng mang theo để ăn vặt mọi lúc mọi nơi.<br>4. Hướng dẫn sử dụng<br>Ăn trực tiếp:<br>Khô gà lá chanh có thể ăn ngay sau khi mở bao bì, là món ăn vặt lý tưởng trong các bữa tiệc, nhậu nhẹt hoặc dùng làm bữa ăn nhẹ trong ngày.<br>Kết hợp với các món ăn khác:<br>Bạn có thể kết hợp khô gà lá chanh với bánh mì, cơm, hoặc các món ăn khác để tạo ra hương vị mới lạ và hấp dẫn hơn.<br>5. Bảo quản<br>Điều kiện bảo quản:<br>Để khô gà lá chanh giữ được độ tươi và giòn, bạn nên bảo quản sản phẩm ở nơi khô ráo, thoáng mát và tránh ánh nắng trực tiếp.<br>Sau khi mở bao bì, nên bảo quản trong hộp kín hoặc túi zip để giữ nguyên hương vị và độ giòn của sản phẩm.<br>Thời hạn sử dụng:<br>Thời gian sử dụng của khô gà lá chanh thường từ 6 tháng đến 1 năm nếu bảo quản đúng cách.<br>6. Đối tượng sử dụng<br>Người yêu thích món ăn mặn, cay:<br>Món khô gà lá chanh rất phù hợp cho những ai yêu thích món ăn cay, mặn và có hương thơm đặc trưng của lá chanh.<br>Dành cho các bữa tiệc, nhậu nhẹt:<br>Đây là món ăn lý tưởng trong các dịp tụ họp, nhậu nhẹt, hoặc làm món nhắm cho những buổi tiệc ngoài trời.</p>', '<p>Khô Gà Lá Chanh là một món ăn vặt thơm ngon và hấp dẫn, được chế biến từ thịt gà tươi ngon kết hợp với lá chanh tươi, tạo ra một hương vị đặc trưng, thơm lừng. Món khô gà này được tẩm ướp với gia vị đậm đà, sau đó được sấy khô để giữ nguyên hương vị và chất dinh dưỡng. Việc đóng gói trong túi zip hút chân không giúp bảo quản lâu dài và giữ được độ tươi ngon của sản phẩm.</p><p>&nbsp;</p>', 1),
(42, 2, 'Khô heo cháy tỏi', 'kho-heo-chay-toi.jpg', 200, 140000, 115000, '2024-11-30 15:13:02', 17, '<p>1. Thành phần chính<br>Thịt heo:<br>Thịt heo tươi ngon, thường chọn phần thịt mông hoặc thịt ba chỉ, thái miếng vừa ăn để chế biến. Thịt heo được tẩm ướp gia vị và sấy khô, tạo nên món khô có độ dai vừa phải và mùi thơm đặc trưng.<br>Tỏi:<br>Tỏi là thành phần chủ đạo trong việc tạo ra hương vị cay nồng, thơm phức. Tỏi được xào với dầu để làm cháy nhẹ, tạo lớp phủ vàng ươm trên bề mặt khô heo.<br>Gia vị:<br>Gia vị như tiêu, đường, nước mắm, ớt, hành được sử dụng để tẩm ướp, mang đến hương vị đậm đà, cay nồng và hấp dẫn cho món khô heo.<br>2. Quy cách sản phẩm<br>Hình dáng:<br>Khô heo cháy tỏi thường được xé nhỏ hoặc cắt thành miếng vừa ăn, dễ dàng để thưởng thức mà không cần chế biến thêm. Lớp cháy tỏi vàng ươm bám trên bề mặt khô heo, tạo vẻ hấp dẫn.<br>Đóng gói:<br>Khô heo cháy tỏi được đóng gói trong túi kín hoặc bao bì hút chân không để bảo quản lâu dài và giữ được độ tươi ngon của sản phẩm.<br>Trọng lượng thông dụng: 100g, 200g, 500g.<br>3. Đặc điểm nổi bật<br>Hương vị cay nồng, thơm lừng:<br>Khô heo cháy tỏi có hương vị đặc trưng từ tỏi cháy kết hợp với sự cay nồng của tiêu và ớt. Gia vị đậm đà, thơm ngon khiến người ăn khó có thể cưỡng lại.<br>Độ giòn và dai vừa phải:<br>Lớp cháy tỏi giòn giòn cùng với độ dai của thịt heo tạo nên một sự kết hợp thú vị, vừa giòn vừa mềm, mang đến cảm giác ngon miệng.<br>Đơn giản nhưng ngon miệng:<br>Với cách chế biến đơn giản nhưng đầy hấp dẫn, khô heo cháy tỏi là món ăn thích hợp cho những ai yêu thích các món ăn mặn, cay và có hương vị đậm đà.<br>4. Hướng dẫn sử dụng<br>Ăn trực tiếp:<br>Khô heo cháy tỏi có thể thưởng thức ngay sau khi mở bao bì. Đây là món ăn vặt lý tưởng cho những dịp gặp gỡ bạn bè, nhâm nhi cùng bia hoặc rượu.<br>Kết hợp với các món khác:<br>Bạn cũng có thể sử dụng khô heo cháy tỏi để làm gỏi, xào với rau củ, hoặc thêm vào các món cơm, bún để tạo sự mới mẻ.<br>5. Bảo quản<br>Điều kiện bảo quản:<br>Khô heo cháy tỏi cần được bảo quản ở nơi khô ráo, thoáng mát, tránh ánh nắng trực tiếp để giữ được hương vị lâu dài.<br>Sau khi mở bao bì, nên bảo quản trong hộp kín hoặc túi zip để giữ được độ giòn và hương vị thơm ngon.<br>Thời hạn sử dụng:<br>Thời gian sử dụng của khô heo cháy tỏi thường từ 6 tháng đến 1 năm nếu bảo quản đúng cách.<br>6. Đối tượng sử dụng<br>Người yêu thích món ăn mặn, cay:<br>Món khô heo cháy tỏi thích hợp cho những ai yêu thích hương vị cay nồng, đậm đà và các món ăn mặn.<br>Dành cho các bữa tiệc, nhậu nhẹt:<br>Đây là món ăn lý tưởng trong các dịp tụ họp bạn bè, nhậu nhẹt, hoặc các bữa tiệc vì hương vị dễ gây nghiện và rất dễ thưởng thức</p>', '<p>Khô Heo Cháy Tỏi là một món ăn vặt đặc sản, hấp dẫn với sự kết hợp hoàn hảo giữa thịt heo khô, gia vị đậm đà và tỏi thơm lừng. Món ăn này không chỉ được yêu thích vì hương vị đậm đà mà còn bởi sự giòn rụm của lớp cháy tỏi, tạo nên sự khác biệt so với các loại khô heo thông thường. Đây là món ăn lý tưởng để nhắm với bia, rượu, hoặc dùng làm món ăn vặt trong các buổi tụ họp bạn bè, gia đình.</p><p>.</p>', 1);

-- --------------------------------------------------------

--
-- Table structure for table `users`
--

CREATE TABLE `users` (
  `user_id` int NOT NULL,
  `username` varchar(100) CHARACTER SET utf8mb4 COLLATE utf8mb4_general_ci NOT NULL COMMENT 'Tên đăng nhập',
  `password` varchar(255) CHARACTER SET utf8mb4 COLLATE utf8mb4_general_ci NOT NULL,
  `full_name` varchar(255) CHARACTER SET utf8mb4 COLLATE utf8mb4_general_ci NOT NULL COMMENT 'Họ tên',
  `image` varchar(255) CHARACTER SET utf8mb4 COLLATE utf8mb4_general_ci NOT NULL,
  `email` varchar(255) CHARACTER SET utf8mb4 COLLATE utf8mb4_general_ci NOT NULL,
  `phone` varchar(10) CHARACTER SET utf8mb4 COLLATE utf8mb4_general_ci NOT NULL,
  `address` varchar(255) CHARACTER SET utf8mb4 COLLATE utf8mb4_general_ci NOT NULL,
  `role` tinyint(1) NOT NULL DEFAULT '0' COMMENT '0 là khách hàng 1 là nhân viên',
  `active` tinyint(1) NOT NULL DEFAULT '1'
) ENGINE=InnoDB DEFAULT CHARSET=utf8mb4 COLLATE=utf8mb4_general_ci;

--
-- Dumping data for table `users`
--

INSERT INTO `users` (`user_id`, `username`, `password`, `full_name`, `image`, `email`, `phone`, `address`, `role`, `active`) VALUES
(1, 'admin', '123456789', 'Admin', 'noimage.png', 'admin@gmail.com', '0354758031', 'Group 9', 1, 1),
(15, 'Thanh Tung', '$2y$10$FoXlgmBH4WjBXyAUD9Qi/upUQ/aC4AEhr3YAXINCVr6CFvRN4iokq', 'Nguyen Tung', 'anh.jpeg', 'tungngoc0112@gmail.com', '0865804569', 'Hà Nội', 1, 1),
(16, 'baothong', '$2y$10$8DlntrU44nBNZxGAL9Mni.iFPuQFCjKynIOStHchfCRngRlAvQ/Ky', 'Thông Lô Bảo', 'user-default.png', 'phbaothong@gmail.com', '0354758039', 'số 81 lk 23 vân canh hoài đức', 0, 1);

--
-- Indexes for dumped tables
--

--
-- Indexes for table `banners`
--
ALTER TABLE `banners`
  ADD PRIMARY KEY (`id`);

--
-- Indexes for table `carts`
--
ALTER TABLE `carts`
  ADD PRIMARY KEY (`cart_id`),
  ADD KEY `product_id` (`product_id`),
  ADD KEY `user_id` (`user_id`);

--
-- Indexes for table `categories`
--
ALTER TABLE `categories`
  ADD PRIMARY KEY (`category_id`);

--
-- Indexes for table `comments`
--
ALTER TABLE `comments`
  ADD PRIMARY KEY (`comment_id`),
  ADD KEY `product_id` (`product_id`),
  ADD KEY `user_id` (`user_id`);

--
-- Indexes for table `orderdetails`
--
ALTER TABLE `orderdetails`
  ADD PRIMARY KEY (`orderdetails_id`),
  ADD KEY `order_id` (`order_id`),
  ADD KEY `product_id` (`product_id`);

--
-- Indexes for table `orders`
--
ALTER TABLE `orders`
  ADD PRIMARY KEY (`order_id`),
  ADD KEY `user_id` (`user_id`);

--
-- Indexes for table `posts`
--
ALTER TABLE `posts`
  ADD PRIMARY KEY (`post_id`),
  ADD KEY `category_id` (`category_id`);

--
-- Indexes for table `post_categories`
--
ALTER TABLE `post_categories`
  ADD PRIMARY KEY (`id`);

--
-- Indexes for table `products`
--
ALTER TABLE `products`
  ADD PRIMARY KEY (`product_id`),
  ADD KEY `fk_category` (`category_id`);

--
-- Indexes for table `users`
--
ALTER TABLE `users`
  ADD PRIMARY KEY (`user_id`);

--
-- AUTO_INCREMENT for dumped tables
--

--
-- AUTO_INCREMENT for table `banners`
--
ALTER TABLE `banners`
  MODIFY `id` int NOT NULL AUTO_INCREMENT;

--
-- AUTO_INCREMENT for table `carts`
--
ALTER TABLE `carts`
  MODIFY `cart_id` int NOT NULL AUTO_INCREMENT, AUTO_INCREMENT=178;

--
-- AUTO_INCREMENT for table `categories`
--
ALTER TABLE `categories`
  MODIFY `category_id` int NOT NULL AUTO_INCREMENT, AUTO_INCREMENT=20;

--
-- AUTO_INCREMENT for table `comments`
--
ALTER TABLE `comments`
  MODIFY `comment_id` int NOT NULL AUTO_INCREMENT, AUTO_INCREMENT=11;

--
-- AUTO_INCREMENT for table `orderdetails`
--
ALTER TABLE `orderdetails`
  MODIFY `orderdetails_id` int NOT NULL AUTO_INCREMENT, AUTO_INCREMENT=108;

--
-- AUTO_INCREMENT for table `orders`
--
ALTER TABLE `orders`
  MODIFY `order_id` int NOT NULL AUTO_INCREMENT, AUTO_INCREMENT=57;

--
-- AUTO_INCREMENT for table `posts`
--
ALTER TABLE `posts`
  MODIFY `post_id` int NOT NULL AUTO_INCREMENT, AUTO_INCREMENT=15;

--
-- AUTO_INCREMENT for table `post_categories`
--
ALTER TABLE `post_categories`
  MODIFY `id` int NOT NULL AUTO_INCREMENT, AUTO_INCREMENT=17;

--
-- AUTO_INCREMENT for table `products`
--
ALTER TABLE `products`
  MODIFY `product_id` int NOT NULL AUTO_INCREMENT, AUTO_INCREMENT=43;

--
-- AUTO_INCREMENT for table `users`
--
ALTER TABLE `users`
  MODIFY `user_id` int NOT NULL AUTO_INCREMENT, AUTO_INCREMENT=17;

--
-- Constraints for dumped tables
--

--
-- Constraints for table `carts`
--
ALTER TABLE `carts`
  ADD CONSTRAINT `carts_ibfk_1` FOREIGN KEY (`product_id`) REFERENCES `products` (`product_id`),
  ADD CONSTRAINT `carts_ibfk_2` FOREIGN KEY (`user_id`) REFERENCES `users` (`user_id`);

--
-- Constraints for table `comments`
--
ALTER TABLE `comments`
  ADD CONSTRAINT `comments_ibfk_1` FOREIGN KEY (`product_id`) REFERENCES `products` (`product_id`),
  ADD CONSTRAINT `comments_ibfk_2` FOREIGN KEY (`user_id`) REFERENCES `users` (`user_id`);

--
-- Constraints for table `orderdetails`
--
ALTER TABLE `orderdetails`
  ADD CONSTRAINT `orderdetails_ibfk_1` FOREIGN KEY (`order_id`) REFERENCES `orders` (`order_id`),
  ADD CONSTRAINT `orderdetails_ibfk_2` FOREIGN KEY (`product_id`) REFERENCES `products` (`product_id`);

--
-- Constraints for table `orders`
--
ALTER TABLE `orders`
  ADD CONSTRAINT `orders_ibfk_1` FOREIGN KEY (`user_id`) REFERENCES `users` (`user_id`);

--
-- Constraints for table `posts`
--
ALTER TABLE `posts`
  ADD CONSTRAINT `posts_ibfk_1` FOREIGN KEY (`category_id`) REFERENCES `post_categories` (`id`);

--
-- Constraints for table `products`
--
ALTER TABLE `products`
  ADD CONSTRAINT `fk_category` FOREIGN KEY (`category_id`) REFERENCES `categories` (`category_id`);
COMMIT;

/*!40101 SET CHARACTER_SET_CLIENT=@OLD_CHARACTER_SET_CLIENT */;
/*!40101 SET CHARACTER_SET_RESULTS=@OLD_CHARACTER_SET_RESULTS */;
/*!40101 SET COLLATION_CONNECTION=@OLD_COLLATION_CONNECTION */;
